tanggal,pm25,pm10,so2,co,o3,no2
2021-01-01,58.0,38.0,2.0,11.0,65.0,6.0
2021-01-02,86.0,58.0,15.0,22.0,38.0,5.0
2021-01-03,93.0,64.0,14.0,20.0,35.0,5.0
2021-01-04,49.0,30.0,14.5,9.0,77.0,7.0
2021-01-05,89.0,59.0,15.0,19.0,42.0,7.0
2021-01-06,60.0,48.0,14.25,12.0,85.0,14.0
2021-01-07,50.0,35.0,13.5,9.0,72.0,15.0
2021-01-08,55.0,38.0,12.75,11.0,71.0,9.0
2021-01-09,67.0,51.0,12.0,27.0,80.0,12.0
2021-01-10,39.0,24.0,13.0,10.0,59.0,14.0
2021-01-11,72.0,25.5,17.0,15.0,56.0,4.0
2021-01-12,51.0,27.0,15.0,7.0,77.0,15.0
2021-01-13,44.0,33.0,13.0,10.0,68.0,7.0
2021-01-14,78.0,29.0,20.0,14.0,40.0,8.0
2021-01-15,82.0,24.0,19.0,16.0,64.0,6.0
2021-01-16,92.0,70.0,19.0,16.0,60.0,7.0
2021-01-17,75.0,55.0,16.0,10.0,93.0,10.0
2021-01-18,49.0,35.0,13.0,5.0,78.0,9.0
2021-01-19,42.0,31.0,11.0,6.0,58.0,9.0
2021-01-20,45.0,42.0,11.0,6.0,72.0,6.0
2021-01-21,44.0,46.0,12.0,9.0,67.0,13.0
2021-01-22,112.0,84.0,20.0,33.0,57.0,10.0
2021-01-23,126.0,89.0,19.0,42.0,64.0,13.0
2021-01-24,90.0,64.0,19.0,31.0,34.0,10.0
2021-01-25,86.0,62.0,14.0,26.0,134.0,14.0
2021-01-26,79.0,54.0,18.0,15.0,50.0,7.0
2021-01-27,29.0,21.0,25.0,7.0,63.0,5.0
2021-01-28,49.0,28.0,25.0,10.0,53.0,7.0
2021-01-29,49.0,28.0,26.0,7.0,65.0,9.0
2021-01-30,39.0,27.0,25.0,10.0,64.0,8.0
2021-01-31,55.0,38.0,24.0,11.0,68.0,7.0
2021-02-01,126.0,70.0,29.0,26.0,15.0,34.0
2021-02-02,70.0,53.0,25.0,10.0,27.0,14.0
2021-02-03,53.0,32.0,27.0,6.0,24.0,9.0
2021-02-04,59.0,32.0,28.0,9.0,14.0,17.0
2021-02-05,51.0,27.0,24.0,10.0,24.0,12.0
2021-02-06,38.0,30.0,37.0,10.75,57.0,9.0
2021-02-07,30.0,28.0,37.0,11.5,57.0,5.0
2021-02-08,31.0,26.0,37.0,12.25,54.0,12.0
2021-02-09,57.0,31.0,40.0,13.0,19.0,9.0
2021-02-10,64.0,50.0,24.0,11.0,23.0,10.0
2021-02-11,57.0,38.0,23.0,6.0,18.0,7.0
2021-02-12,98.0,63.0,25.0,13.0,20.0,8.0
2021-02-13,89.0,59.0,26.0,12.0,30.0,13.0
2021-02-14,73.0,55.0,25.0,11.0,35.0,13.0
2021-02-15,66.0,42.0,40.0,11.0,25.0,12.0
2021-02-16,63.0,43.0,40.0,11.0,23.0,13.0
2021-02-17,71.0,44.0,33.0,25.0,14.0,37.0
2021-02-18,70.0,53.0,28.0,8.0,26.0,12.0
2021-02-19,52.0,27.0,24.0,16.0,14.0,33.0
2021-02-20,63.0,33.0,39.0,12.0,24.0,12.0
2021-02-21,52.0,29.0,22.0,8.0,18.0,12.0
2021-02-22,103.0,68.0,26.0,22.0,30.0,14.0
2021-02-23,90.0,66.0,26.0,12.0,29.0,16.0
2021-02-24,61.0,42.0,39.0,9.0,13.0,6.0
2021-02-25,54.0,27.0,25.0,6.0,24.0,7.0
2021-02-26,75.0,48.0,39.0,11.0,23.0,13.0
2021-02-27,94.0,59.0,40.0,13.0,30.0,12.0
2021-02-28,113.0,68.0,39.0,18.0,24.0,14.0
2021-03-01,97.0,62.0,28.0,13.0,21.0,14.0
2021-03-02,81.0,46.0,39.0,17.0,29.0,14.0
2021-03-03,83.0,57.0,27.0,18.0,38.0,20.0
2021-03-04,103.0,62.0,40.0,19.0,33.0,11.0
2021-03-05,81.0,65.0,54.0,16.0,59.0,26.0
2021-03-06,95.0,61.0,40.0,22.0,32.0,13.0
2021-03-07,103.0,59.0,30.0,18.0,22.0,26.0
2021-03-08,81.0,58.0,40.0,16.0,19.0,6.0
2021-03-09,63.0,41.0,30.0,7.0,19.0,10.0
2021-03-10,91.0,53.0,27.0,21.0,17.0,39.0
2021-03-11,53.0,28.0,39.0,9.0,25.0,9.0
2021-03-12,99.0,66.0,29.0,13.0,29.0,15.0
2021-03-13,72.0,53.0,29.0,7.0,23.0,9.0
2021-03-14,73.0,52.0,28.0,10.0,16.0,10.0
2021-03-15,92.0,55.0,34.0,17.0,18.0,33.0
2021-03-16,101.0,57.0,46.0,13.0,37.0,18.0
2021-03-17,123.0,68.0,43.0,20.0,37.0,14.0
2021-03-18,125.0,68.0,45.0,16.0,37.0,22.0
2021-03-19,96.0,58.0,35.0,10.0,33.0,16.0
2021-03-20,106.0,65.0,31.0,12.0,45.0,17.0
2021-03-21,118.0,81.0,27.0,15.0,37.0,16.0
2021-03-22,93.0,62.0,26.0,15.0,36.0,10.0
2021-03-23,77.0,51.0,26.0,9.0,27.0,8.0
2021-03-24,64.0,43.0,26.0,6.0,27.0,8.0
2021-03-25,68.0,36.0,41.0,8.0,19.0,12.0
2021-03-26,83.0,52.0,42.0,17.0,31.0,16.0
2021-03-27,91.0,58.0,43.0,13.0,35.0,20.0
2021-03-28,78.0,50.0,22.0,12.0,34.0,19.0
2021-03-29,91.0,54.0,21.0,17.0,29.0,26.0
2021-03-30,76.0,41.0,42.0,14.0,21.0,25.0
2021-03-31,69.0,48.0,43.0,12.0,25.0,18.0
2021-04-01,52.0,28.0,26.0,5.0,35.0,7.0
2021-04-02,70.0,51.0,33.0,8.0,37.0,10.0
2021-04-03,67.0,39.0,42.0,9.0,22.0,14.0
2021-04-04,103.0,68.0,29.0,28.0,26.666666666666668,28.0
2021-04-05,85.0,61.0,30.0,11.0,31.333333333333336,17.0
2021-04-06,61.0,43.0,32.0,10.0,36.0,15.0
2021-04-07,52.0,30.0,33.0,9.0,43.0,8.0
2021-04-08,57.0,39.0,34.0,10.0,40.0,14.0
2021-04-09,77.0,52.0,34.0,7.0,18.0,21.0
2021-04-10,101.0,64.0,25.0,16.0,26.5,18.0
2021-04-11,108.0,66.0,47.0,18.0,35.0,24.0
2021-04-12,93.0,69.0,51.0,20.0,54.0,23.0
2021-04-13,82.0,70.0,63.0,14.0,64.0,21.0
2021-04-14,81.0,65.0,55.0,16.0,65.0,22.0
2021-04-15,88.0,54.0,23.0,24.0,30.0,42.0
2021-04-16,94.0,69.0,55.0,17.0,50.0,28.0
2021-04-17,118.0,67.0,29.0,16.0,28.0,31.0
2021-04-18,93.0,55.0,29.0,11.0,32.0,16.0
2021-04-19,108.0,62.0,32.0,13.0,32.0,19.0
2021-04-20,94.0,64.0,52.0,14.0,55.0,18.0
2021-04-21,105.0,62.0,25.0,15.0,25.0,25.0
2021-04-22,99.0,60.0,45.0,10.0,34.0,17.0
2021-04-23,112.0,67.0,19.0,13.0,31.0,24.0
2021-04-24,115.0,88.0,61.0,17.0,73.0,25.0
2021-04-25,116.0,73.0,37.0,17.0,20.0,17.0
2021-04-26,117.0,64.0,37.0,11.0,22.0,14.0
2021-04-27,138.0,75.0,38.0,11.0,27.0,13.0
2021-04-28,94.0,55.0,37.0,9.0,28.0,17.0
2021-04-29,85.0,69.0,60.0,15.0,44.0,26.0
2021-04-30,91.0,71.0,57.0,14.0,55.0,21.0
2021-05-01,102.0,66.0,13.0,15.0,38.5,20.0
2021-05-02,89.0,54.0,38.0,15.0,22.0,10.0
2021-05-03,95.0,61.0,39.0,15.0,22.0,12.0
2021-05-04,113.0,74.0,41.0,15.0,17.0,13.0
2021-05-05,117.0,73.0,38.0,20.0,21.0,21.0
2021-05-06,77.0,54.0,37.0,7.0,27.0,16.0
2021-05-07,69.0,39.0,19.0,15.0,151.0,20.0
2021-05-08,87.0,56.0,39.0,9.0,29.0,15.0
2021-05-09,66.0,46.0,37.0,6.0,31.0,11.0
2021-05-10,76.0,46.0,22.0,8.0,66.0,13.0
2021-05-11,102.0,65.0,38.0,8.0,31.0,11.0
2021-05-12,105.0,67.0,37.0,9.0,27.0,11.0
2021-05-13,115.0,65.0,25.0,14.0,31.0,13.0
2021-05-14,81.0,51.0,25.0,7.0,32.0,6.0
2021-05-15,89.0,62.0,38.0,8.0,16.0,13.0
2021-05-16,92.0,54.0,37.0,9.0,25.0,15.0
2021-05-17,75.0,45.0,22.0,10.0,29.0,13.0
2021-05-18,58.0,53.0,43.0,6.0,25.0,4.0
2021-05-19,99.0,61.0,39.0,10.0,25.0,23.0
2021-05-20,103.0,60.0,36.0,9.0,29.0,19.0
2021-05-21,95.0,55.0,37.0,9.0,27.0,20.0
2021-05-22,90.0,64.0,62.0,15.0,66.0,28.0
2021-05-23,109.0,63.0,24.0,23.0,27.0,40.0
2021-05-24,118.0,72.0,57.0,26.0,33.0,24.0
2021-05-25,70.0,44.0,24.0,9.0,30.0,22.0
2021-05-26,93.0,55.0,38.0,9.0,28.0,20.0
2021-05-27,79.0,50.0,41.0,6.0,26.0,18.0
2021-05-28,93.0,56.0,40.0,11.0,26.0,20.0
2021-05-29,91.0,57.0,40.0,10.0,29.0,26.0
2021-05-30,72.0,47.0,41.0,15.0,26.0,23.0
2021-05-31,93.0,59.0,41.0,9.0,37.0,24.0
2021-06-01,105.0,73.0,43.0,12.0,36.5,22.0
2021-06-02,100.0,63.0,41.0,14.0,36.0,21.0
2021-06-03,93.0,68.0,57.0,16.0,61.0,32.0
2021-06-04,100.0,62.0,43.0,7.0,41.0,17.0
2021-06-05,93.0,57.0,41.0,11.0,36.0,23.0
2021-06-06,95.0,63.0,45.0,11.0,26.0,19.0
2021-06-07,86.0,50.0,41.0,9.0,37.0,21.0
2021-06-08,103.0,62.0,44.0,9.0,30.0,29.0
2021-06-09,108.0,68.0,43.0,9.0,27.0,28.0
2021-06-10,108.0,68.0,37.0,9.0,32.0,28.0
2021-06-11,99.0,64.0,32.0,9.0,35.0,26.0
2021-06-12,93.0,55.0,27.0,13.0,30.0,24.0
2021-06-13,80.0,49.0,36.0,12.0,32.0,23.0
2021-06-14,103.0,63.0,35.0,13.0,28.0,21.0
2021-06-15,114.0,73.0,52.0,9.0,24.0,21.0
2021-06-16,97.0,58.0,28.0,25.0,9.0,55.0
2021-06-17,102.0,64.0,35.0,28.0,20.0,28.0
2021-06-18,102.0,67.0,38.0,19.0,18.0,24.0
2021-06-19,102.0,56.0,31.0,19.0,15.0,31.0
2021-06-20,140.0,74.0,36.0,22.0,20.0,26.0
2021-06-21,90.0,51.0,29.0,14.0,19.0,21.0
2021-06-22,84.0,47.0,33.0,16.0,21.0,22.0
2021-06-23,107.0,58.0,38.0,14.0,23.0,25.0
2021-06-24,119.0,66.0,37.0,15.0,16.0,27.0
2021-06-25,147.0,82.0,39.0,18.0,20.0,24.0
2021-06-26,118.0,67.0,36.0,10.0,26.0,18.0
2021-06-27,134.0,72.0,34.0,18.0,29.0,22.0
2021-06-28,117.0,60.0,36.0,18.0,30.0,22.0
2021-06-29,128.0,72.0,35.0,24.0,21.0,50.0
2021-06-30,125.0,65.0,36.0,14.0,21.0,29.0
2021-07-01,114.0,62.0,37.0,13.0,23.0,27.0
2021-07-02,108.0,59.0,40.0,10.0,18.0,23.0
2021-07-03,141.0,72.0,37.0,13.0,25.0,20.0
2021-07-04,161.0,84.0,38.0,14.0,27.0,22.0
2021-07-05,153.0,83.0,39.0,13.0,31.0,26.0
2021-07-06,102.0,68.0,44.0,7.0,32.0,16.0
2021-07-07,130.0,69.0,40.0,12.0,26.0,26.0
2021-07-08,145.0,74.0,40.0,10.0,29.0,25.0
2021-07-09,156.0,87.0,42.0,11.0,30.0,25.0
2021-07-10,132.0,71.0,45.0,9.0,29.0,21.0
2021-07-11,119.0,66.0,39.0,10.0,21.0,17.0
2021-07-12,119.0,64.0,52.0,9.0,44.0,13.0
2021-07-13,119.0,78.0,54.0,11.0,43.0,23.0
2021-07-14,116.0,57.0,39.0,13.0,20.0,26.0
2021-07-15,174.0,95.0,40.0,15.0,22.0,24.0
2021-07-16,138.0,71.0,37.0,11.0,24.0,29.0
2021-07-17,134.0,73.0,35.0,9.0,26.0,19.0
2021-07-18,150.0,75.0,37.0,12.0,32.0,22.0
2021-07-19,140.0,74.0,36.0,11.0,32.0,21.0
2021-07-20,147.0,80.0,38.0,13.0,26.0,21.0
2021-07-21,102.0,55.0,36.0,9.0,30.0,18.0
2021-07-22,110.0,57.0,39.0,9.0,28.0,26.0
2021-07-23,104.0,56.0,36.0,10.0,35.0,25.0
2021-07-24,104.0,56.0,37.0,12.0,27.0,25.0
2021-07-25,148.0,81.0,38.0,22.0,28.0,24.0
2021-07-26,131.0,68.0,39.0,14.0,24.0,25.0
2021-07-27,140.0,71.0,40.0,12.0,24.0,26.0
2021-07-28,145.0,73.0,39.0,14.0,24.0,27.0
2021-07-29,140.0,78.0,32.0,18.0,29.0,39.0
2021-07-30,154.0,83.0,39.0,15.0,37.0,34.0
2021-07-31,100.0,56.0,38.0,9.0,29.0,22.0
2021-08-01,86.0,51.0,39.0,8.0,30.0,22.0
2021-08-02,81.0,42.0,38.0,9.0,27.0,20.0
2021-08-03,104.0,55.0,38.0,12.0,21.0,25.0
2021-08-04,89.0,64.0,53.0,9.0,50.0,14.0
2021-08-05,90.0,53.0,38.0,8.0,21.0,19.0
2021-08-06,105.0,59.0,37.0,16.0,13.0,21.0
2021-08-07,101.0,59.0,38.0,8.0,19.0,18.0
2021-08-08,92.0,54.0,40.0,7.0,21.0,17.0
2021-08-09,82.0,48.0,40.0,6.0,26.0,16.0
2021-08-10,68.0,35.0,38.0,6.0,30.0,19.0
2021-08-11,102.0,56.0,39.0,11.0,27.0,23.0
2021-08-12,104.0,57.0,40.0,8.0,21.0,20.0
2021-08-13,101.0,55.0,40.0,11.0,19.0,25.0
2021-08-14,116.0,73.0,38.0,14.0,26.0,40.0
2021-08-15,114.0,63.0,39.0,11.0,15.0,21.0
2021-08-16,100.0,55.0,41.0,8.0,17.0,21.0
2021-08-17,103.0,59.0,41.0,8.0,24.0,20.0
2021-08-18,97.0,58.0,38.0,9.0,30.0,20.0
2021-08-19,119.0,67.0,42.0,13.0,28.0,28.0
2021-08-20,106.0,64.0,40.0,11.0,28.0,23.0
2021-08-21,89.0,58.0,32.0,10.0,31.0,24.0
2021-08-22,134.0,74.0,43.0,14.0,22.0,29.0
2021-08-23,106.0,63.0,40.0,10.0,24.0,20.0
2021-08-24,110.0,61.0,42.0,11.0,26.0,24.0
2021-08-25,106.0,62.0,42.0,9.0,26.0,28.0
2021-08-26,96.0,64.0,32.0,9.0,31.0,14.0
2021-08-27,105.0,58.0,39.0,10.0,28.0,22.0
2021-08-28,123.0,65.0,38.0,10.0,36.0,23.0
2021-08-29,122.0,66.0,39.0,12.0,28.0,25.0
2021-08-30,140.0,76.0,41.0,16.0,30.0,31.0
2021-08-31,109.0,61.0,41.0,10.0,32.0,26.0
2021-09-01,118.0,68.0,40.0,16.0,26.0,27.0
2021-09-02,115.0,65.0,39.0,12.0,26.0,25.0
2021-09-03,111.0,62.0,42.0,10.0,34.0,23.0
2021-09-04,93.0,57.0,42.0,9.0,31.0,19.0
2021-09-05,120.0,69.0,43.0,12.0,27.0,26.0
2021-09-06,109.0,62.0,42.0,9.0,29.0,16.0
2021-09-07,86.0,56.0,42.0,8.0,21.0,21.0
2021-09-08,106.0,63.0,40.0,15.0,29.0,25.0
2021-09-09,88.0,68.0,54.0,12.0,35.0,29.0
2021-09-10,80.0,45.0,42.0,8.0,26.0,19.0
2021-09-11,109.0,59.0,43.0,10.0,33.0,30.0
2021-09-12,111.0,63.0,41.0,10.0,24.0,19.0
2021-09-13,88.0,54.0,42.0,7.0,18.0,16.0
2021-09-14,61.0,36.0,41.0,6.0,19.0,15.0
2021-09-15,110.0,60.0,42.0,19.0,18.0,23.0
2021-09-16,89.0,53.0,42.0,7.0,28.0,15.0
2021-09-17,85.0,50.0,42.0,6.0,29.0,14.0
2021-09-18,101.0,57.0,43.0,7.0,23.0,15.0
2021-09-19,83.0,53.0,47.5,7.0,28.0,10.0
2021-09-20,81.0,58.0,52.0,11.0,54.0,25.0
2021-09-21,99.0,56.875,44.0,9.0,32.0,20.0
2021-09-22,119.0,55.75,44.0,10.0,22.0,21.0
2021-09-23,116.0,54.625,43.0,9.0,24.0,18.0
2021-09-24,109.0,,46.0,8.0,21.0,18.0
2021-09-25,102.0,,45.0,7.0,26.0,16.0
2021-09-26,98.0,,45.0,7.0,33.0,12.0
2021-09-27,89.0,,42.0,11.0,29.0,19.0
2021-09-28,71.0,49.0,43.5,8.0,49.0,13.0
2021-09-29,102.0,51.285714285714285,45.0,13.0,38.0,24.0
2021-09-30,117.0,53.57142857142857,45.0,13.0,40.0,27.0
2021-10-01,91.0,55.857142857142854,45.0,10.0,35.0,33.0
2021-10-02,127.0,,46.0,10.0,35.0,19.0
2021-10-03,96.0,,44.0,9.0,32.0,19.0
2021-10-04,110.0,,44.0,11.0,33.0,24.0
2021-10-05,90.0,65.0,67.0,11.0,54.0,27.0
2021-10-06,103.0,66.0,47.0,8.0,37.0,17.0
2021-10-07,77.0,52.0,41.0,7.0,27.0,23.0
2021-10-08,98.0,58.0,45.0,9.0,30.0,22.0
2021-10-09,83.0,55.0,47.0,7.0,36.0,21.0
2021-10-10,97.0,61.0,42.0,9.0,43.0,16.0
2021-10-11,100.0,68.0,64.0,12.0,66.0,26.0
2021-10-12,111.0,70.0,47.0,9.0,32.0,25.0
2021-10-13,91.0,80.0,44.0,8.0,38.0,19.0
2021-10-14,131.0,90.0,44.0,12.0,45.0,32.0
2021-10-15,157.0,100.0,41.0,15.0,50.0,26.0
2021-10-16,122.0,67.0,40.0,14.0,51.0,23.0
2021-10-17,126.0,62.0,39.0,13.0,53.0,27.0
2021-10-18,88.0,57.0,42.0,11.0,32.0,19.0
2021-10-19,81.0,50.0,43.5,16.0,13.0,35.0
2021-10-20,96.0,51.5,45.0,10.0,33.0,17.0
2021-10-21,74.0,53.0,53.0,11.0,29.0,15.0
2021-10-22,120.0,71.0,45.0,13.0,36.0,21.0
2021-10-23,109.0,65.0,45.0,10.0,35.0,20.0
2021-10-24,113.0,68.0,44.0,15.0,39.0,23.0
2021-10-25,104.0,62.0,44.0,11.0,41.0,22.0
2021-10-26,130.0,75.0,45.0,16.0,36.0,24.0
2021-10-27,90.0,59.0,43.0,10.0,50.0,21.0
2021-10-28,78.0,54.0,40.0,11.0,56.0,18.0
2021-10-29,74.0,54.0,80.0,14.0,49.0,26.0
2021-10-30,103.0,62.0,43.0,15.0,58.0,18.0
2021-10-31,79.0,56.0,63.0,12.0,56.0,28.0
2021-11-01,91.0,59.0,51.5,17.0,22.0,27.0
2021-11-02,77.0,54.0,40.0,18.0,47.0,22.0
2021-11-03,83.0,51.0,42.0,12.0,73.0,17.0
2021-11-04,95.0,63.0,20.0,13.0,63.0,42.0
2021-11-05,95.0,61.0,43.0,16.0,14.0,20.0
2021-11-06,86.0,55.0,44.0,11.0,26.0,29.0
2021-11-07,81.0,52.0,44.0,9.0,35.0,17.0
2021-11-08,73.0,53.0,43.5,14.0,39.0,26.0
2021-11-09,106.0,64.0,43.0,15.0,31.0,19.0
2021-11-10,100.0,61.0,37.0,11.0,20.0,19.0
2021-11-11,71.0,45.0,37.0,10.0,13.0,14.0
2021-11-12,63.0,32.0,37.0,7.0,19.0,14.0
2021-11-13,82.0,52.0,38.0,14.0,30.0,17.0
2021-11-14,68.0,48.0,36.0,13.0,24.0,14.0
2021-11-15,58.0,36.0,36.0,7.0,16.0,11.0
2021-11-16,82.0,53.0,47.0,11.0,24.0,11.0
2021-11-17,99.0,60.0,39.0,10.0,19.0,14.0
2021-11-18,106.0,63.0,41.0,9.0,27.0,18.0
2021-11-19,45.0,32.0,5.0,7.0,42.0,12.0
2021-11-20,58.0,26.0,38.0,6.0,21.0,13.0
2021-11-21,76.0,52.0,41.0,14.0,29.0,13.0
2021-11-22,45.0,23.0,37.0,4.0,14.0,9.0
2021-11-23,55.0,25.0,5.0,7.0,41.0,9.0
2021-11-24,59.0,27.0,37.0,5.0,26.0,12.0
2021-11-25,83.0,63.0,42.0,12.0,27.0,11.0
2021-11-26,78.0,58.0,38.0,14.0,17.0,13.0
2021-11-27,56.0,37.0,37.0,8.0,13.0,12.0
2021-11-28,55.5,18.0,3.0,7.0,47.0,9.0
2021-11-29,55.0,29.0,37.0,8.0,17.0,11.0
2021-11-30,66.0,39.0,38.0,8.0,24.0,15.0
2021-12-01,100.0,63.0,39.0,12.0,19.0,23.0
2021-12-02,56.0,33.0,38.0,5.0,18.0,13.0
2021-12-03,71.0,41.0,39.0,7.0,23.0,15.0
2021-12-04,65.0,50.0,45.0,10.0,26.0,13.0
2021-12-05,80.0,53.0,39.0,17.0,13.0,15.0
2021-12-06,91.0,62.0,47.0,17.0,42.0,18.0
2021-12-07,58.0,179.0,39.0,9.0,17.0,15.0
2021-12-08,76.0,47.0,40.0,14.0,25.0,14.0
2021-12-09,63.0,38.0,40.0,9.0,28.0,19.0
2021-12-10,73.0,45.0,42.0,10.0,24.0,19.0
2021-12-11,60.0,32.0,39.0,7.0,22.0,17.0
2021-12-12,63.0,48.0,43.0,13.0,22.5,13.0
2021-12-13,68.0,53.0,44.0,11.0,23.0,10.0
2021-12-14,76.0,50.0,40.0,7.0,28.0,14.0
2021-12-15,124.0,69.0,40.0,15.0,29.0,23.0
2021-12-16,136.0,78.0,41.0,14.0,32.0,18.0
2021-12-17,81.0,55.0,39.0,13.0,34.0,17.0
2021-12-18,69.0,59.5,42.0,13.0,24.0,17.0
2021-12-19,102.0,64.0,41.0,21.0,40.0,22.0
2021-12-20,86.0,57.0,42.0,10.0,30.0,16.0
2021-12-21,74.0,52.0,41.0,19.0,22.0,17.0
2021-12-22,98.0,62.0,27.0,22.0,32.0,34.0
2021-12-23,99.0,70.0,46.0,19.0,42.0,42.0
2021-12-24,65.0,34.0,30.5,21.0,41.111111111111114,30.666666666666664
2021-12-25,85.0,56.0,15.0,23.0,40.22222222222222,19.333333333333332
2021-12-26,71.0,44.0,13.0,14.0,39.333333333333336,8.0
2021-12-27,121.0,68.0,17.0,21.0,,12.0
2021-12-28,89.0,59.0,38.0,15.0,,22.0
2021-12-29,98.0,61.0,37.0,15.0,,19.0
2021-12-30,102.0,60.0,38.0,17.0,,21.0
2021-12-31,90.0,58.0,36.0,21.0,,22.0
2022-01-01,85.0,57.0,48.0,13.0,34.0,18.0
2022-01-02,70.0,40.0,45.0,10.0,36.0,11.0
2022-01-03,80.0,49.0,49.0,13.0,37.0,21.0
2022-01-04,102.0,59.0,51.0,14.0,51.0,26.0
2022-01-05,165.0,95.0,53.0,18.0,55.0,32.0
2022-01-06,117.0,73.0,53.0,16.0,48.0,42.0
2022-01-07,113.0,71.0,48.0,22.0,38.0,41.0
2022-01-08,77.0,55.0,52.0,17.0,41.0,29.0
2022-01-09,82.0,56.0,52.0,14.0,39.0,27.0
2022-01-10,87.0,60.0,51.0,13.0,36.0,26.0
2022-01-11,60.0,46.0,53.0,12.0,37.0,28.0
2022-01-12,59.0,46.0,51.0,15.0,38.0,29.0
2022-01-13,62.0,38.0,52.0,15.0,63.0,32.0
2022-01-14,63.0,46.0,48.0,15.0,63.0,32.0
2022-01-15,69.0,55.0,51.0,15.0,68.0,29.0
2022-01-16,102.0,67.0,47.0,20.0,65.0,32.0
2022-01-17,93.0,67.0,44.0,19.0,63.0,28.0
2022-01-18,67.0,54.0,47.0,14.0,59.0,33.0
2022-01-19,61.0,45.0,45.0,15.0,69.0,22.0
2022-01-20,57.0,40.0,55.0,14.0,68.0,24.0
2022-01-21,57.0,40.0,51.0,15.0,51.0,23.0
2022-01-22,73.0,52.0,51.0,12.0,39.0,20.0
2022-01-23,73.0,57.0,50.0,11.0,35.0,15.0
2022-01-24,74.0,57.0,48.0,11.0,58.0,18.0
2022-01-25,58.0,41.0,46.0,9.0,51.0,19.0
2022-01-26,56.0,38.0,45.0,14.0,57.0,24.0
2022-01-27,75.0,58.0,47.0,14.0,48.0,25.0
2022-01-28,84.0,63.0,52.0,12.0,60.0,28.0
2022-01-29,120.0,65.0,52.0,30.0,52.0,46.0
2022-01-30,129.0,75.0,53.0,25.0,59.0,50.0
2022-01-31,119.0,72.0,58.0,44.0,53.0,44.0
2022-02-01,89.0,64.0,52.0,13.0,76.0,21.0
2022-02-02,101.0,66.0,47.0,22.0,64.0,26.0
2022-02-03,99.0,58.0,48.0,20.0,65.0,33.0
2022-02-04,72.0,54.0,46.0,12.0,68.0,27.0
2022-02-05,62.0,43.0,53.0,18.0,55.0,30.0
2022-02-06,51.0,39.0,58.0,15.0,57.0,21.0
2022-02-07,60.0,40.0,48.0,13.0,67.0,22.0
2022-02-08,109.0,58.0,39.0,18.0,60.0,31.0
2022-02-09,101.0,64.0,39.0,36.0,55.0,45.0
2022-02-10,47.0,24.0,41.0,12.0,49.0,23.0
2022-02-11,95.0,62.0,48.0,20.0,48.0,33.0
2022-02-12,68.0,52.0,42.0,14.0,55.0,29.0
2022-02-13,98.0,70.0,41.0,19.0,55.0,29.0
2022-02-14,109.0,66.0,51.0,29.0,49.0,39.0
2022-02-15,119.0,74.0,52.0,33.0,61.0,38.0
2022-02-16,110.0,66.0,48.0,24.0,62.0,33.0
2022-02-17,74.0,53.0,45.0,19.0,86.0,29.0
2022-02-18,118.0,65.0,47.0,18.0,67.0,30.0
2022-02-19,108.0,67.0,44.0,23.0,69.0,37.0
2022-02-20,115.0,70.0,47.0,26.0,62.0,36.0
2022-02-21,86.0,54.0,41.0,21.0,50.0,35.0
2022-02-22,92.0,54.0,42.0,13.0,56.0,35.0
2022-02-23,87.0,55.0,49.0,16.0,43.0,38.0
2022-02-24,71.0,45.0,41.0,14.0,38.0,21.0
2022-02-25,59.0,50.0,40.0,15.0,28.0,17.0
2022-02-26,60.0,40.0,39.0,15.0,28.0,16.0
2022-02-27,51.0,31.0,39.0,14.0,30.0,12.0
2022-02-28,50.0,27.0,40.0,12.0,30.0,11.0
2022-03-01,50.0,27.0,44.0,11.0,17.0,12.0
2022-03-02,51.0,32.0,46.0,15.0,24.0,15.0
2022-03-03,55.0,30.0,43.0,12.0,35.0,18.0
2022-03-04,53.0,32.0,41.0,13.0,45.0,20.0
2022-03-05,68.0,48.0,40.0,17.0,36.0,22.0
2022-03-06,90.0,53.0,38.0,21.0,28.0,18.0
2022-03-07,53.0,29.0,37.0,13.0,37.0,13.0
2022-03-08,102.0,55.0,40.0,15.0,45.0,25.0
2022-03-09,75.0,50.0,40.0,20.0,58.0,28.0
2022-03-10,112.0,60.0,42.0,24.0,79.0,40.0
2022-03-11,107.0,77.0,46.0,23.0,52.0,52.0
2022-03-12,59.0,50.0,39.0,13.0,41.0,21.0
2022-03-13,65.0,46.0,43.0,18.0,36.0,20.0
2022-03-14,109.0,60.0,39.0,25.0,80.0,31.0
2022-03-15,97.0,56.0,41.0,22.0,54.0,28.0
2022-03-16,76.0,51.0,41.0,21.0,53.0,25.0
2022-03-17,141.0,77.0,40.0,23.0,77.0,28.0
2022-03-18,111.0,67.0,40.0,23.0,69.0,32.0
2022-03-19,73.0,46.0,40.0,15.0,48.0,20.0
2022-03-20,71.0,55.0,39.0,13.0,34.0,14.0
2022-03-21,53.0,38.0,38.0,10.0,34.0,8.0
2022-03-22,63.0,50.0,38.0,12.0,35.0,17.0
2022-03-23,61.0,46.0,41.0,16.0,34.0,19.0
2022-03-24,65.0,43.0,43.0,15.0,40.0,22.0
2022-03-25,122.0,90.0,51.0,19.0,70.0,29.0
2022-03-26,92.0,67.0,43.0,17.0,49.0,29.0
2022-03-27,126.0,84.0,46.0,49.0,42.0,51.0
2022-03-28,62.0,49.0,40.0,12.0,59.0,28.0
2022-03-29,117.0,61.0,44.0,17.0,52.0,31.0
2022-03-30,119.0,75.0,42.0,20.0,109.0,35.0
2022-03-31,160.0,95.0,49.0,34.0,137.0,34.0
2022-04-01,114.0,74.0,47.0,19.0,76.0,38.0
2022-04-02,99.0,61.0,42.0,18.0,70.0,28.0
2022-04-03,74.0,51.0,39.0,14.0,40.0,17.0
2022-04-04,71.0,49.0,43.0,23.0,69.0,27.0
2022-04-05,92.0,73.0,53.0,19.0,73.0,43.0
2022-04-06,87.0,54.0,40.0,20.0,57.0,32.0
2022-04-07,90.0,58.0,42.0,22.0,62.0,35.0
2022-04-08,81.0,52.0,40.0,17.0,50.0,29.0
2022-04-09,76.0,50.0,42.0,21.0,59.0,28.0
2022-04-10,164.0,82.0,46.0,27.0,80.0,38.0
2022-04-11,98.0,63.0,44.0,17.0,95.0,31.0
2022-04-12,107.0,71.0,52.0,22.0,78.0,43.0
2022-04-13,116.0,78.0,42.0,21.0,118.0,40.0
2022-04-14,104.0,66.0,44.0,14.0,111.0,25.0
2022-04-15,102.0,61.0,41.0,15.0,81.0,28.0
2022-04-16,119.0,63.0,46.0,16.0,91.0,21.0
2022-04-17,148.0,76.0,52.0,21.0,93.0,24.0
2022-04-18,135.0,73.0,40.0,13.0,88.0,14.0
2022-04-19,78.0,52.0,41.0,13.0,84.0,29.0
2022-04-20,105.0,61.0,42.0,18.0,69.0,34.0
2022-04-21,56.0,46.0,41.0,15.0,43.0,24.0
2022-04-22,128.0,83.0,49.0,25.0,52.0,42.0
2022-04-23,108.0,60.0,42.0,30.0,52.0,43.0
2022-04-24,114.0,63.0,41.0,24.0,82.0,30.0
2022-04-25,118.0,60.0,44.0,14.0,99.0,28.0
2022-04-26,82.0,59.0,41.0,13.0,70.0,29.0
2022-04-27,91.0,47.0,44.0,13.0,45.0,26.0
2022-04-28,83.0,42.0,41.0,12.0,59.0,20.0
2022-04-29,60.0,35.0,40.0,10.0,46.0,16.0
2022-04-30,53.0,39.0,38.0,16.0,17.0,6.0
2022-05-01,126.0,66.0,48.0,24.0,61.0,26.0
2022-05-02,90.0,58.0,41.0,16.0,82.0,17.0
2022-05-03,58.0,36.0,40.0,13.0,58.0,23.0
2022-05-04,85.0,51.0,41.0,11.0,77.0,18.0
2022-05-05,102.0,53.0,41.0,13.0,72.0,20.0
2022-05-06,73.0,39.0,42.0,10.0,58.0,12.0
2022-05-07,92.0,56.0,41.0,12.0,82.0,13.0
2022-05-08,98.0,63.0,42.0,19.0,76.0,21.0
2022-05-09,95.0,58.0,44.0,12.0,73.0,24.0
2022-05-10,86.0,54.0,50.0,17.0,74.0,28.0
2022-05-11,75.0,54.0,41.0,12.0,81.0,26.0
2022-05-12,85.0,61.0,54.0,13.0,63.0,25.0
2022-05-13,55.0,34.0,44.0,8.0,65.0,20.0
2022-05-14,101.0,57.0,44.0,14.0,72.0,30.0
2022-05-15,126.0,77.0,42.0,19.0,87.0,23.0
2022-05-16,100.0,58.0,42.0,22.0,81.0,31.0
2022-05-17,128.0,66.0,42.0,22.0,77.0,31.0
2022-05-18,99.0,62.0,42.0,15.0,89.0,24.0
2022-05-19,136.0,75.0,43.0,28.0,64.0,46.0
2022-05-20,128.0,70.0,43.0,24.0,71.0,43.0
2022-05-21,82.0,58.0,44.0,20.0,58.0,32.0
2022-05-22,110.0,58.0,44.0,17.0,55.0,25.0
2022-05-23,123.0,68.0,47.0,17.0,53.0,24.0
2022-05-24,98.0,58.0,46.0,11.0,54.0,21.0
2022-05-25,121.0,74.0,48.0,16.0,58.0,27.0
2022-05-26,93.0,57.0,45.0,15.0,52.0,26.0
2022-05-27,146.0,79.0,52.0,25.0,76.0,35.0
2022-05-28,105.0,57.0,43.0,17.0,82.0,33.0
2022-05-29,107.0,64.0,43.0,23.0,65.0,40.0
2022-05-30,89.0,51.0,45.0,17.0,58.0,31.0
2022-05-31,100.0,63.0,44.0,44.0,59.0,44.0
2022-06-01,77.0,53.0,43.0,18.0,55.0,27.0
2022-06-02,100.0,56.0,44.0,15.0,76.0,33.0
2022-06-03,68.0,51.0,44.0,20.0,72.0,36.0
2022-06-04,136.0,78.0,44.0,26.0,92.0,51.0
2022-06-05,116.0,62.0,45.0,15.0,87.0,27.0
2022-06-06,111.0,64.0,44.0,21.0,62.0,35.0
2022-06-07,76.0,61.0,44.0,18.0,50.0,32.0
2022-06-08,110.0,65.0,44.0,18.0,54.0,25.0
2022-06-09,97.0,65.0,51.0,27.0,34.0,46.0
2022-06-10,82.0,56.0,44.0,26.0,49.0,36.0
2022-06-11,92.0,58.0,45.0,15.0,67.0,28.0
2022-06-12,112.0,61.0,45.0,22.0,71.0,33.0
2022-06-13,97.0,61.0,46.0,22.0,71.0,38.0
2022-06-14,112.0,75.0,49.0,27.0,52.0,50.0
2022-06-15,141.0,80.0,45.0,25.0,44.0,43.0
2022-06-16,146.0,79.0,46.0,32.0,50.0,45.0
2022-06-17,130.0,85.0,45.0,25.0,50.0,37.0
2022-06-18,117.0,75.0,45.0,30.0,58.0,42.0
2022-06-19,118.0,73.0,47.0,23.0,82.0,37.0
2022-06-20,131.0,78.0,45.0,17.0,99.0,27.0
2022-06-21,114.0,79.0,47.0,18.0,70.0,32.0
2022-06-22,123.0,71.0,47.0,17.0,72.0,27.0
2022-06-23,119.0,82.0,46.0,19.0,68.0,32.0
2022-06-24,123.0,85.0,46.0,22.0,77.0,38.0
2022-06-25,131.0,82.0,46.0,23.0,60.0,31.0
2022-06-26,106.0,68.0,45.0,22.0,69.0,36.0
2022-06-27,102.0,74.0,45.0,22.0,76.0,33.0
2022-06-28,82.0,57.0,46.0,16.0,82.0,29.0
2022-06-29,79.0,59.0,46.0,14.0,72.0,32.0
2022-06-30,117.0,68.0,48.0,13.0,84.0,26.0
2022-07-01,111.0,73.0,49.0,15.0,87.0,31.0
2022-07-02,137.0,81.0,47.0,18.0,106.0,29.0
2022-07-03,126.0,78.0,48.0,17.0,126.0,25.0
2022-07-04,78.0,56.0,49.0,11.0,60.0,13.0
2022-07-05,110.0,66.0,47.0,16.0,61.0,23.0
2022-07-06,129.0,75.0,45.0,25.0,71.0,26.0
2022-07-07,135.0,94.0,46.0,29.0,74.0,44.0
2022-07-08,80.0,55.0,48.0,17.0,95.0,25.0
2022-07-09,93.0,61.0,48.0,13.0,107.0,25.0
2022-07-10,93.0,63.0,47.0,13.0,84.0,19.0
2022-07-11,112.0,66.0,47.0,15.0,84.0,29.0
2022-07-12,123.0,77.0,49.0,17.0,84.0,28.0
2022-07-13,114.0,69.0,48.0,16.0,65.0,29.0
2022-07-14,125.0,85.0,47.0,25.0,57.0,33.0
2022-07-15,86.0,58.0,49.0,12.0,65.0,18.0
2022-07-16,59.0,36.0,46.0,15.0,48.0,31.0
2022-07-17,89.0,59.0,48.0,28.0,51.0,36.0
2022-07-18,143.0,75.0,48.0,30.0,84.0,36.0
2022-07-19,114.0,75.0,50.0,15.0,98.0,25.0
2022-07-20,124.0,76.0,49.0,18.0,94.0,26.0
2022-07-21,110.0,75.0,50.0,15.0,114.0,28.0
2022-07-22,121.0,74.0,50.0,17.0,96.0,25.0
2022-07-23,99.0,61.0,50.0,14.0,67.0,19.0
2022-07-24,82.0,54.0,47.0,14.0,94.0,21.0
2022-07-25,87.0,56.0,46.0,16.0,91.0,24.0
2022-07-26,110.0,67.0,49.0,16.0,85.0,20.0
2022-07-27,116.0,70.0,50.0,14.0,118.0,24.0
2022-07-28,132.0,82.0,50.0,16.0,90.0,30.0
2022-07-29,123.0,74.0,50.0,12.0,86.0,22.0
2022-07-30,118.0,66.0,49.0,15.0,95.0,22.0
2022-07-31,143.0,80.0,49.0,17.0,115.0,27.0
2022-08-01,109.0,68.0,50.0,12.0,91.0,19.0
2022-08-02,113.0,67.0,50.0,15.0,84.0,28.0
2022-08-03,141.0,82.0,51.0,19.0,129.0,24.0
2022-08-04,99.0,69.0,48.0,15.0,82.0,20.0
2022-08-05,82.0,60.0,47.0,17.0,79.0,26.0
2022-08-06,101.0,69.0,49.0,19.0,87.0,29.0
2022-08-07,119.0,76.0,50.0,18.0,114.0,29.0
2022-08-08,84.0,60.0,48.0,18.0,97.0,27.0
2022-08-09,88.0,61.0,50.0,14.0,103.0,21.0
2022-08-10,116.0,73.0,49.0,19.0,82.0,29.0
2022-08-11,107.0,74.0,52.0,19.0,80.0,27.0
2022-08-12,94.0,65.0,49.0,17.0,97.0,25.0
2022-08-13,77.0,58.0,48.0,21.0,76.0,36.0
2022-08-14,93.0,68.0,50.0,14.0,80.0,20.0
2022-08-15,84.0,64.0,50.0,17.0,63.0,28.0
2022-08-16,89.0,61.0,51.0,15.0,181.0,33.0
2022-08-17,78.0,55.0,48.0,17.0,108.0,25.0
2022-08-18,89.0,64.0,49.0,25.0,84.0,28.0
2022-08-19,105.0,70.0,49.0,14.0,66.0,26.0
2022-08-20,117.0,76.0,50.0,14.0,69.0,18.0
2022-08-21,101.0,59.0,49.0,13.0,65.0,17.0
2022-08-22,78.0,57.0,49.0,13.0,79.0,22.0
2022-08-23,116.0,76.0,49.0,17.0,81.0,27.0
2022-08-24,119.0,71.0,50.0,15.0,82.0,20.0
2022-08-25,98.0,64.0,50.0,12.0,66.0,19.0
2022-08-26,119.0,76.0,53.0,19.0,53.0,31.0
2022-08-27,130.0,80.0,50.0,25.0,57.0,37.0
2022-08-28,85.0,64.0,49.0,17.0,56.0,30.0
2022-08-29,82.0,58.0,49.0,16.0,55.0,29.0
2022-08-30,84.0,59.0,50.0,15.0,56.0,29.0
2022-08-31,148.0,85.0,51.0,25.0,74.0,37.0
2022-09-01,130.0,83.0,51.0,15.0,42.0,25.0
2022-09-02,108.0,71.0,51.0,21.0,35.0,32.0
2022-09-03,102.0,64.0,50.0,18.0,37.0,31.0
2022-09-04,76.0,42.0,50.0,9.0,33.0,14.0
2022-09-05,105.0,59.0,51.0,15.0,45.0,23.0
2022-09-06,86.0,63.0,51.0,12.0,43.0,17.0
2022-09-07,79.0,55.0,49.0,15.0,38.0,21.0
2022-09-08,87.0,61.0,48.0,26.0,32.0,45.0
2022-09-09,91.0,71.0,49.0,28.0,32.0,43.0
2022-09-10,72.0,56.0,48.0,22.0,41.0,39.0
2022-09-11,88.0,64.0,51.0,20.0,37.0,34.0
2022-09-12,79.0,53.0,52.0,18.0,35.0,27.0
2022-09-13,81.0,59.0,52.0,18.0,45.0,32.0
2022-09-14,113.0,67.0,53.0,18.0,42.0,38.0
2022-09-15,117.0,78.0,51.0,26.0,34.0,39.0
2022-09-16,100.0,62.0,51.0,18.0,52.0,33.0
2022-09-17,103.0,70.0,51.0,19.0,49.0,35.0
2022-09-18,113.0,72.0,51.0,21.0,43.0,33.0
2022-09-19,113.0,70.0,51.0,17.0,46.0,28.0
2022-09-20,110.0,66.0,51.0,21.0,37.0,41.0
2022-09-21,112.0,69.0,50.0,17.0,42.0,32.0
2022-09-22,90.0,63.0,50.0,16.0,37.0,24.0
2022-09-23,97.0,73.0,50.0,24.0,50.0,45.0
2022-09-24,83.0,57.0,50.0,17.0,39.0,33.0
2022-09-25,94.0,58.0,50.0,14.0,48.0,25.0
2022-09-26,79.0,57.0,51.0,14.0,56.0,26.0
2022-09-27,86.0,63.0,51.0,14.0,58.0,26.0
2022-09-28,92.0,62.0,51.0,13.0,55.0,24.0
2022-09-29,100.0,62.0,51.0,14.0,50.0,21.0
2022-09-30,103.0,71.0,51.0,14.0,45.0,23.0
2022-10-01,128.0,80.0,52.0,14.0,39.0,21.0
2022-10-02,79.0,54.0,50.0,12.0,43.0,19.0
2022-10-03,76.0,56.0,51.0,18.0,38.0,35.0
2022-10-04,98.0,67.0,51.0,15.0,40.0,33.0
2022-10-05,68.0,51.0,50.0,22.0,36.0,42.0
2022-10-06,89.0,61.0,51.0,20.0,39.0,32.0
2022-10-07,66.0,51.0,53.0,17.0,35.0,34.0
2022-10-08,61.0,35.0,50.0,17.0,28.0,25.0
2022-10-09,95.0,58.0,50.0,24.0,39.0,35.0
2022-10-10,74.0,54.0,50.0,14.0,38.0,25.0
2022-10-11,126.0,77.0,51.0,23.0,59.0,45.0
2022-10-12,97.0,70.0,54.0,27.0,44.0,42.0
2022-10-13,91.0,63.0,52.0,17.0,54.0,36.0
2022-10-14,94.0,67.0,50.0,28.0,47.0,45.0
2022-10-15,78.0,55.0,51.0,13.0,58.0,27.0
2022-10-16,93.0,62.0,51.0,19.0,52.0,36.0
2022-10-17,85.0,56.0,51.0,13.0,54.0,25.0
2022-10-18,79.0,59.0,50.0,16.0,45.0,35.0
2022-10-19,92.0,64.0,51.0,22.0,42.0,44.0
2022-10-20,88.0,67.0,51.0,28.0,47.0,45.0
2022-10-21,67.0,52.0,50.0,16.0,31.0,27.0
2022-10-22,82.0,58.0,51.0,19.0,39.0,41.0
2022-10-23,66.0,52.0,51.0,11.0,45.0,21.0
2022-10-24,57.0,41.0,50.0,10.0,31.0,18.0
2022-10-25,53.0,27.0,51.0,9.0,30.0,19.0
2022-10-26,43.0,39.0,51.0,11.0,27.0,17.0
2022-10-27,66.0,41.0,51.0,18.0,35.0,27.0
2022-10-28,77.0,54.0,51.0,16.0,33.0,32.0
2022-10-29,86.0,53.0,51.0,15.0,41.0,29.0
2022-10-30,87.0,51.0,51.0,11.0,49.0,19.0
2022-10-31,78.0,60.0,51.0,21.0,44.0,22.0
2022-11-01,70.0,49.0,51.0,10.0,44.0,21.0
2022-11-02,144.0,84.0,51.0,14.0,54.0,34.0
2022-11-03,89.0,65.0,51.0,13.0,49.0,23.0
2022-11-04,95.0,66.0,52.0,23.0,49.0,42.0
2022-11-05,81.0,62.0,51.0,22.0,55.0,42.0
2022-11-06,90.0,63.0,51.0,18.0,38.0,34.0
2022-11-07,104.0,74.0,51.0,13.0,48.0,22.0
2022-11-08,101.0,66.0,53.0,30.0,36.0,50.0
2022-11-09,96.0,64.0,51.0,25.0,41.0,47.0
2022-11-10,76.0,53.0,51.0,18.0,29.0,30.0
2022-11-11,71.0,46.0,51.0,19.0,31.0,25.0
2022-11-12,61.0,40.0,51.0,11.0,36.0,18.0
2022-11-13,63.0,38.0,51.0,17.0,38.0,27.0
2022-11-14,85.0,60.0,51.0,17.0,44.0,28.0
2022-11-15,95.0,59.0,51.0,16.0,39.0,33.0
2022-11-16,80.0,54.0,52.0,10.0,31.0,22.0
2022-11-17,72.0,58.0,52.0,12.0,35.0,25.0
2022-11-18,53.0,42.0,53.0,16.0,29.0,27.0
2022-11-19,77.0,47.0,56.0,12.0,27.0,24.0
2022-11-20,51.0,34.0,51.0,7.0,30.0,12.0
2022-11-21,62.0,40.0,51.0,11.0,29.0,19.0
2022-11-22,72.0,46.0,51.0,10.0,26.0,15.0
2022-11-23,71.0,50.0,52.0,11.0,29.0,23.0
2022-11-24,66.0,51.0,52.0,10.0,34.0,24.0
2022-11-25,77.0,52.0,52.0,15.0,38.0,26.0
2022-11-26,131.0,80.0,51.0,20.0,42.0,45.0
2022-11-27,112.0,74.0,52.0,24.0,37.0,36.0
2022-11-28,83.0,59.0,51.0,14.0,50.0,31.0
2022-11-29,73.0,53.0,51.0,22.0,48.0,32.0
2022-11-30,97.0,65.0,52.0,13.0,40.0,31.0
2022-12-01,93.0,64.0,52.0,17.0,50.0,31.0
2022-12-02,94.0,60.0,52.0,18.0,42.0,30.0
2022-12-03,100.0,60.0,52.0,16.0,49.0,31.0
2022-12-04,95.0,65.0,52.0,19.0,45.0,34.0
2022-12-05,117.0,74.0,52.0,19.0,48.0,33.0
2022-12-06,107.0,70.0,49.0,24.0,41.0,44.0
2022-12-07,88.0,53.0,52.0,21.0,37.0,40.0
2022-12-08,85.0,51.0,52.0,16.0,47.0,35.0
2022-12-09,94.0,59.0,51.0,21.0,31.0,41.0
2022-12-10,72.0,42.0,52.0,27.0,29.0,35.0
2022-12-11,72.0,44.0,52.0,20.0,31.0,32.0
2022-12-12,62.0,37.0,51.0,10.0,32.0,22.0
2022-12-13,71.0,47.0,51.0,13.0,28.0,23.0
2022-12-14,71.0,46.0,51.0,10.0,30.0,17.0
2022-12-15,60.0,28.0,52.0,10.0,29.0,23.0
2022-12-16,83.0,56.0,52.0,12.0,28.0,30.0
2022-12-17,98.0,65.0,52.0,30.0,38.0,45.0
2022-12-18,96.0,64.0,52.0,26.0,46.0,45.0
2022-12-19,99.0,64.0,57.0,28.0,39.0,48.0
2022-12-20,154.0,85.0,54.0,23.0,29.0,47.0
2022-12-21,86.0,57.0,62.0,45.0,27.0,32.0
2022-12-22,65.0,49.0,59.0,49.0,23.0,24.0
2022-12-23,40.0,31.0,57.0,38.0,24.0,18.0
2022-12-24,92.0,58.0,57.0,55.0,26.0,24.0
2022-12-25,56.0,42.0,57.0,45.0,25.0,18.0
2022-12-26,62.0,43.0,58.0,54.0,25.0,27.0
2022-12-27,47.0,36.0,58.0,42.0,20.0,18.0
2022-12-28,66.0,46.0,57.0,41.0,15.0,19.0
2022-12-29,50.0,23.0,57.0,12.0,16.0,15.0
2022-12-30,64.0,40.0,57.0,21.0,17.0,24.0
2022-12-31,73.0,54.0,56.0,24.0,23.0,24.0
2023-01-01,61.0,44.0,56.0,16.0,20.0,19.0
2023-01-02,43.0,34.0,59.0,15.0,21.0,19.0
2023-01-03,34.0,28.0,57.0,13.0,21.0,16.0
2023-01-04,49.0,31.0,60.0,17.0,21.0,26.0
2023-01-05,59.0,40.0,53.0,10.0,18.0,7.0
2023-01-06,73.0,50.0,51.0,10.0,11.0,7.0
2023-01-07,66.0,49.0,51.0,6.0,10.0,4.0
2023-01-08,62.0,45.0,51.0,6.0,10.0,3.0
2023-01-09,71.0,46.0,51.0,9.0,10.0,6.0
2023-01-10,70.0,50.0,50.0,8.0,10.0,6.0
2023-01-11,81.0,36.0,54.0,14.0,23.0,12.0
2023-01-12,111.0,42.0,54.0,15.0,26.0,14.0
2023-01-13,135.0,48.0,55.0,15.0,28.0,15.0
2023-01-14,91.0,54.0,54.0,17.0,19.0,19.0
2023-01-15,73.0,47.0,54.0,12.0,15.0,11.0
2023-01-16,57.0,39.0,54.0,7.0,10.0,2.0
2023-01-17,76.0,51.0,55.0,8.0,8.0,2.5
2023-01-18,87.0,57.0,57.0,9.0,8.0,3.0
2023-01-19,79.0,40.0,54.0,16.0,7.0,10.0
2023-01-20,79.0,57.0,55.0,9.0,9.0,3.0
2023-01-21,75.0,43.0,54.0,14.0,10.0,10.0
2023-01-22,66.0,35.0,53.0,13.0,9.0,9.0
2023-01-23,53.0,27.0,62.0,8.0,17.0,9.0
2023-01-24,50.0,33.0,60.0,11.0,17.0,14.0
2023-01-25,45.0,37.0,60.0,10.0,13.0,14.0
2023-01-26,64.0,40.0,56.0,9.0,12.0,2.0
2023-01-27,75.0,59.0,56.0,8.0,10.0,2.0
2023-01-28,68.0,44.0,54.0,14.0,7.0,17.0
2023-01-29,82.0,53.0,54.0,20.0,8.0,11.0
2023-01-30,65.0,51.0,53.0,14.0,14.0,13.0
2023-01-31,90.0,56.0,54.0,16.0,15.0,20.0
2023-02-01,69.0,55.0,55.0,8.0,12.0,2.0
2023-02-02,72.0,52.0,53.0,12.0,9.0,3.0
2023-02-03,50.0,24.0,63.0,6.0,11.0,3.0
2023-02-04,65.0,3.0,89.0,11.0,9.0,11.0
2023-02-05,62.0,10.0,79.0,10.0,12.0,8.0
2023-02-06,56.0,41.0,54.0,11.0,12.0,4.0
2023-02-07,65.0,38.0,54.0,12.0,12.0,10.0
2023-02-08,61.0,44.0,53.0,15.0,7.0,15.0
2023-02-09,61.0,44.0,53.0,13.0,7.0,10.0
2023-02-10,40.0,24.0,53.0,7.0,11.0,1.0
2023-02-11,51.0,38.0,53.0,12.0,8.0,9.0
2023-02-12,42.0,33.0,53.0,12.0,8.0,10.0
2023-02-13,31.0,24.0,53.0,8.0,8.0,3.0
2023-02-14,39.0,31.0,53.0,11.0,7.0,6.0
2023-02-15,33.0,20.0,53.0,6.0,9.0,1.0
2023-02-16,48.0,30.0,54.0,7.0,6.0,1.0
2023-02-17,41.0,30.0,53.0,7.0,9.0,1.0
2023-02-18,75.0,51.0,27.0,11.0,14.0,14.0
2023-02-19,82.0,60.0,27.0,13.0,13.0,14.0
2023-02-20,56.0,42.0,13.0,7.0,7.0,9.666666666666668
2023-02-21,45.0,33.0,13.0,6.0,6.0,5.333333333333334
2023-02-22,44.0,29.0,13.0,6.0,9.0,1.0
2023-02-23,59.0,50.0,27.0,11.0,8.0,14.0
2023-02-24,49.0,51.0,26.0,9.0,10.0,17.0
2023-02-25,61.0,46.0,14.0,7.0,18.0,5.0
2023-02-26,52.0,40.0,27.0,8.0,15.0,12.0
2023-02-27,50.0,46.0,27.0,7.0,16.0,15.0
2023-02-28,63.0,46.0,14.0,7.0,17.0,4.0
2023-03-01,44.0,38.0,50.0,8.0,19.0,27.0
2023-03-02,33.0,29.0,47.0,11.0,21.0,27.0
2023-03-03,52.0,34.0,14.0,7.0,11.0,2.0
2023-03-04,60.0,40.0,14.0,7.0,14.0,3.0
2023-03-05,50.0,46.0,28.0,9.0,8.0,11.0
2023-03-06,55.0,39.0,14.0,6.0,7.0,8.666666666666666
2023-03-07,70.0,48.0,14.0,7.0,11.0,6.333333333333333
2023-03-08,87.0,60.0,15.0,7.0,11.0,4.0
2023-03-09,87.0,50.0,30.0,13.0,14.0,20.0
2023-03-10,79.0,51.0,34.0,11.0,20.0,14.0
2023-03-11,73.0,49.0,29.0,11.0,20.0,23.0
2023-03-12,109.0,64.0,30.0,16.0,14.0,22.0
2023-03-13,107.0,64.0,31.0,11.0,23.0,16.0
2023-03-14,81.0,58.0,40.0,15.0,17.0,11.0
2023-03-15,63.0,50.0,30.0,9.0,15.0,19.0
2023-03-16,107.0,52.75,30.0,19.0,15.0,20.0
2023-03-17,92.0,55.5,30.0,16.0,16.0,18.0
2023-03-18,85.0,58.25,30.0,10.0,23.0,17.0
2023-03-19,84.0,61.0,32.0,12.0,20.0,16.0
2023-03-20,91.0,52.0,32.0,12.0,26.0,19.0
2023-03-21,94.0,59.0,31.0,11.0,21.0,17.0
2023-03-22,87.0,60.0,31.0,7.0,22.0,16.0
2023-03-23,87.0,63.0,33.0,13.0,15.0,11.0
2023-03-24,87.0,57.0,35.0,11.0,25.0,13.0
2023-03-25,91.0,55.285714285714285,32.0,11.0,18.0,22.0
2023-03-26,71.0,53.57142857142857,31.0,11.0,14.0,14.0
2023-03-27,76.0,51.857142857142854,31.0,16.0,12.0,13.0
2023-03-28,85.0,,32.0,18.0,7.0,18.0
2023-03-29,113.0,,32.0,21.0,13.0,20.0
2023-03-30,85.0,,33.0,17.0,12.0,15.0
2023-03-31,57.0,45.0,49.0,13.0,22.0,29.0
2023-04-01,44.0,34.0,51.0,11.0,20.0,19.0
2023-04-02,56.0,35.0,34.0,5.0,10.0,6.0
2023-04-03,91.0,43.0,33.0,8.0,15.0,15.0
2023-04-04,69.0,51.0,35.0,6.0,11.0,8.0
2023-04-05,86.0,50.833333333333336,36.0,7.0,26.0,16.0
2023-04-06,85.0,50.666666666666664,35.0,6.0,24.0,16.0
2023-04-07,72.0,50.5,37.0,5.0,22.0,15.0
2023-04-08,95.0,,35.0,4.0,32.0,16.0
2023-04-09,99.0,,35.0,10.0,14.0,17.0
2023-04-10,57.0,50.0,35.0,6.0,8.0,5.0
2023-04-11,51.0,27.0,47.0,12.0,14.0,17.0
2023-04-12,55.0,33.5,32.0,3.0,7.0,7.0
2023-04-13,60.0,40.0,50.0,4.0,9.0,7.0
2023-04-14,70.0,50.0,34.0,3.0,17.0,13.0
2023-04-15,94.0,65.0,52.0,12.0,27.0,53.0
2023-04-16,82.0,57.0,33.0,6.0,17.0,11.0
2023-04-17,72.0,51.0,32.0,4.0,19.0,13.0
2023-04-18,86.0,62.0,38.0,5.0,20.0,14.0
2023-04-19,88.0,61.53846153846154,33.0,7.0,19.0,11.0
2023-04-20,85.0,61.07692307692308,32.0,13.0,18.0,15.0
2023-04-21,78.0,60.61538461538461,32.0,8.0,18.0,13.0
2023-04-22,79.0,,33.0,7.333333333333333,19.0,11.0
2023-04-23,78.0,,34.0,6.666666666666667,21.0,5.0
2023-04-24,76.0,,33.0,6.0,19.0,10.0
2023-04-25,64.0,,33.0,5.0,18.0,11.0
2023-04-26,80.0,,34.0,7.0,15.0,13.0
2023-04-27,83.0,,34.0,10.0,16.0,13.0
2023-04-28,81.0,,33.0,6.0,14.0,10.0
2023-04-29,98.0,,34.0,9.0,18.0,18.0
2023-04-30,104.0,,33.0,6.0,18.0,13.0
2023-05-01,80.0,56.0,50.0,12.0,21.0,10.0
2023-05-02,113.0,56.02127659574468,35.0,15.0,15.0,14.0
2023-05-03,92.0,56.04255319148936,35.0,18.0,18.0,13.0
2023-05-04,62.0,56.06382978723404,33.0,21.0,15.0,15.0
2023-05-05,82.0,,34.0,24.0,23.0,15.0
2023-05-06,71.0,,34.0,20.0,26.0,13.0
2023-05-07,107.0,,37.0,37.0,17.0,19.0
2023-05-08,88.0,,34.0,34.0,21.0,20.0
2023-05-09,86.0,,35.0,36.0,21.0,17.0
2023-05-10,123.0,,36.0,26.0,19.0,13.0
2023-05-11,109.0,,36.0,21.0,16.0,13.0
2023-05-12,59.0,,39.0,13.0,12.0,13.0
2023-05-13,89.0,,36.0,20.0,17.0,12.0
2023-05-14,78.0,,34.0,23.0,17.0,12.0
2023-05-15,102.0,,37.0,24.0,25.0,17.0
2023-05-16,104.0,,37.0,22.0,26.0,17.0
2023-05-17,114.0,,37.0,22.0,22.0,15.0
2023-05-18,113.0,,37.0,21.0,22.0,16.0
2023-05-19,114.0,,37.0,23.0,23.0,16.0
2023-05-20,119.0,,36.0,27.0,16.0,16.0
2023-05-21,118.0,,37.0,26.0,22.0,15.0
2023-05-22,97.0,,35.0,30.0,27.0,17.0
2023-05-23,115.0,,35.0,33.0,18.0,21.0
2023-05-24,170.0,,38.0,35.0,17.0,18.0
2023-05-25,136.0,,38.0,29.0,20.0,17.0
2023-05-26,135.0,,39.0,28.0,22.0,24.0
2023-05-27,139.0,,38.0,23.0,22.0,12.0
2023-05-28,115.0,,36.0,30.0,19.0,19.0
2023-05-29,126.0,,37.0,32.0,19.0,15.0
2023-05-30,128.0,,38.0,28.0,24.0,17.0
2023-05-31,110.0,,37.0,26.0,21.0,24.0
2023-06-01,111.0,,39.0,25.0,23.0,21.0
2023-06-02,136.0,,38.0,25.0,21.0,12.0
2023-06-03,116.0,,39.0,21.0,21.0,15.0
2023-06-04,117.0,,38.0,24.0,21.0,13.0
2023-06-05,105.0,,40.0,22.0,22.0,13.0
2023-06-06,105.0,,37.0,25.0,14.0,13.0
2023-06-07,102.0,,37.0,29.0,18.0,16.0
2023-06-08,118.0,,39.0,22.0,15.0,17.0
2023-06-09,115.0,,38.0,24.0,15.0,14.0
2023-06-10,106.0,,37.0,22.0,18.0,13.0
2023-06-11,116.0,,39.0,22.0,25.0,14.0
2023-06-12,113.0,,38.0,20.0,22.0,15.0
2023-06-13,133.0,,40.0,24.0,19.0,13.0
2023-06-14,102.0,,37.0,22.0,15.0,13.0
2023-06-15,121.0,,39.0,31.0,14.0,17.0
2023-06-16,108.0,,37.0,24.0,14.0,15.0
2023-06-17,85.0,57.0,46.0,13.0,23.0,28.0
2023-06-18,112.0,56.86666666666667,37.0,39.0,12.0,15.0
2023-06-19,83.0,56.733333333333334,36.0,22.0,13.0,14.0
2023-06-20,102.0,56.6,38.0,36.0,11.0,15.0
2023-06-21,108.0,,39.0,22.0,20.0,16.0
2023-06-22,119.0,,37.0,40.0,16.0,22.0
2023-06-23,98.0,,38.0,21.0,17.0,14.0
2023-06-24,92.0,,38.0,21.0,25.0,14.0
2023-06-25,104.0,,38.0,25.0,20.0,19.0
2023-06-26,93.0,,38.0,24.0,23.0,17.0
2023-06-27,113.0,,39.0,27.0,23.0,17.0
2023-06-28,84.0,,39.0,19.0,22.0,14.0
2023-06-29,64.0,,38.0,16.0,18.0,10.0
2023-06-30,77.0,,39.0,17.0,21.0,11.0
2023-07-01,98.0,,38.0,27.0,17.0,18.0
2023-07-02,83.0,55.0,37.0,11.0,26.0,27.0
2023-07-03,97.0,55.492537313432834,39.0,21.0,23.0,13.0
2023-07-04,88.0,55.985074626865675,39.0,22.0,23.0,17.0
2023-07-05,119.0,56.47761194029851,39.0,31.0,22.0,16.0
2023-07-06,113.0,,38.0,38.0,12.0,24.0
2023-07-07,107.0,,39.0,33.0,12.0,21.0
2023-07-08,98.0,,39.0,34.0,15.0,18.0
2023-07-09,92.0,,38.0,30.0,13.0,11.0
2023-07-10,84.0,,39.0,18.0,16.0,12.0
2023-07-11,151.0,,40.0,29.0,14.0,18.0
2023-07-12,136.0,,40.0,29.0,20.0,15.0
2023-07-13,120.0,,42.0,23.0,29.0,21.0
2023-07-14,104.0,,42.0,21.0,32.0,21.0
2023-07-15,90.0,,42.0,20.0,23.0,19.0
2023-07-16,101.0,,41.0,21.0,23.0,17.0
2023-07-17,97.0,,41.0,19.0,24.0,16.0
2023-07-18,114.0,,37.75,21.0,23.0,16.0
2023-07-19,130.0,,34.5,22.0,22.0,15.0
2023-07-20,110.0,,31.25,21.0,30.0,15.0
2023-07-21,112.0,,28.0,24.0,32.0,20.0
2023-07-22,125.0,,29.0,24.0,33.0,20.0
2023-07-23,146.0,,27.0,23.0,22.0,13.0
2023-07-24,104.0,,25.0,19.0,22.0,12.0
2023-07-25,117.0,,26.0,27.0,19.0,19.0
2023-07-26,124.0,,26.0,24.0,28.0,18.0
2023-07-27,129.0,,26.0,34.0,25.0,24.0
2023-07-28,129.0,,28.0,31.0,23.0,21.0
2023-07-29,117.0,,27.0,21.0,26.0,17.0
2023-07-30,129.0,,27.0,22.0,26.0,13.0
2023-07-31,115.0,,26.0,18.0,24.0,14.0
2023-08-01,103.0,,28.0,17.0,20.0,14.0
2023-08-02,99.0,,29.0,18.0,23.0,13.0
2023-08-03,106.0,,28.0,21.0,22.0,14.0
2023-08-04,110.0,,27.0,19.0,25.0,13.0
2023-08-05,111.0,,26.0,18.0,26.0,12.0
2023-08-06,118.0,,26.0,22.0,23.0,14.0
2023-08-07,139.0,,25.0,31.0,28.0,18.0
2023-08-08,105.0,,26.0,19.0,22.0,12.0
2023-08-09,104.0,,27.0,16.0,24.0,10.0
2023-08-10,102.0,,26.0,16.0,32.0,10.0
2023-08-11,119.0,,28.0,21.0,32.0,14.0
2023-08-12,126.0,,27.0,20.0,29.0,15.0
2023-08-13,128.0,,26.0,22.0,26.0,13.0
2023-08-14,115.0,,26.0,19.0,27.0,14.0
2023-08-15,122.0,,28.0,23.0,30.0,18.0
2023-08-16,138.0,,27.0,24.0,29.0,15.0
2023-08-17,111.0,,27.0,23.0,23.0,18.0
2023-08-18,82.0,,26.0,15.0,25.0,12.0
2023-08-19,127.0,,27.0,23.0,29.0,16.0
2023-08-20,113.0,,27.0,17.0,28.0,10.0
2023-08-21,105.0,,26.0,19.0,26.0,13.0
2023-08-22,123.0,,27.0,22.0,23.0,20.0
2023-08-23,110.0,,27.0,19.0,26.0,15.0
2023-08-24,114.0,,28.0,20.0,26.0,17.0
2023-08-25,112.0,,28.0,20.0,33.0,15.0
2023-08-26,96.0,,27.0,17.0,30.0,10.0
2023-08-27,139.0,,27.0,23.0,29.0,18.0
2023-08-28,98.0,,27.0,25.0,20.0,22.0
2023-08-29,108.0,,28.0,22.0,21.0,21.0
2023-08-30,113.0,,27.0,24.0,29.0,17.0
2023-08-31,108.0,,27.0,22.0,32.0,19.0
2023-09-01,117.0,,27.0,24.0,34.0,24.0
2023-09-02,112.0,,28.0,23.0,33.0,21.0
2023-09-03,102.0,,26.0,18.0,32.0,17.0
2023-09-04,96.0,,27.0,18.0,33.0,14.0
2023-09-05,134.0,,27.0,28.0,29.0,21.0
2023-09-06,104.0,,28.0,21.0,29.0,20.0
2023-09-07,121.0,88.0,27.0,26.0,39.0,22.0
2023-09-08,117.0,89.0,29.0,22.0,28.0,17.0
2023-09-09,111.0,80.0,28.0,21.0,29.0,16.0
2023-09-10,99.0,69.0,27.0,18.0,27.0,15.0
2023-09-11,126.0,75.0,27.0,22.0,33.0,18.0
2023-09-12,152.0,81.0,27.0,19.0,19.0,19.0
2023-09-13,107.0,71.0,28.0,17.0,23.0,15.0
2023-09-14,93.0,62.0,27.0,16.0,24.0,13.0
2023-09-15,108.0,70.0,27.0,21.0,29.0,18.0
2023-09-16,113.0,76.0,28.0,20.0,26.0,18.0
2023-09-17,110.0,77.0,27.0,19.0,25.0,15.0
2023-09-18,86.0,59.0,28.0,16.0,28.0,12.0
2023-09-19,109.0,77.0,28.0,24.0,40.0,21.0
2023-09-20,98.0,71.0,28.0,21.0,26.0,17.0
2023-09-21,101.0,69.0,28.0,24.0,29.0,19.0
2023-09-22,93.0,68.0,28.0,20.0,26.0,23.0
2023-09-23,111.0,78.0,28.0,22.0,30.0,20.0
2023-09-24,92.0,65.0,28.0,23.0,26.0,16.0
2023-09-25,114.0,76.0,30.0,23.0,26.0,24.0
2023-09-26,249.0,85.0,28.0,18.0,26.0,20.0
2023-09-27,217.0,124.0,28.0,22.0,23.0,22.0
2023-09-28,287.0,163.0,29.0,17.0,29.0,19.0
2023-09-29,143.0,129.0,29.0,21.0,24.0,23.0
2023-09-30,171.0,127.5,29.0,23.5,25.5,24.0
2023-10-01,199.0,126.0,29.0,26.0,27.0,25.0
2023-10-02,122.0,76.0,43.0,8.0,35.0,31.0
2023-10-03,93.0,64.0,29.0,15.0,28.0,19.0
2023-10-04,115.0,76.0,29.0,20.0,26.0,25.0
2023-10-05,123.0,84.0,28.0,20.0,21.0,12.0
2023-10-06,111.0,80.0,28.0,20.0,24.0,15.0
2023-10-07,141.0,97.0,29.0,33.0,23.0,28.0
2023-10-08,148.0,97.0,29.0,21.0,21.0,16.0
2023-10-09,122.0,80.0,28.0,17.0,20.0,11.0
2023-10-10,121.0,88.0,30.0,16.0,18.0,10.0
2023-10-11,106.0,75.0,31.0,18.0,19.0,14.0
2023-10-12,123.0,82.0,30.0,22.0,23.0,15.0
2023-10-13,121.0,82.0,29.0,19.0,29.0,12.0
2023-10-14,110.0,78.0,29.0,20.0,24.0,17.0
2023-10-15,117.0,79.0,29.0,20.0,20.0,14.0
2023-10-16,122.0,82.0,30.0,20.0,22.0,16.0
2023-10-17,129.0,81.0,29.0,18.0,24.0,14.0
2023-10-18,122.0,88.0,29.0,25.0,24.0,21.0
2023-10-19,116.0,82.0,30.0,19.0,23.0,14.0
2023-10-20,106.0,75.0,29.0,16.0,23.0,10.0
2023-10-21,109.0,77.0,30.0,24.0,19.0,21.0
2023-10-22,114.0,77.0,29.0,26.0,23.0,20.0
2023-10-23,133.0,86.0,29.0,20.0,22.0,16.0
2023-10-24,107.0,75.0,29.0,20.0,27.0,17.0
2023-10-25,103.0,61.0,28.0,20.0,34.0,17.0
2023-10-26,114.0,82.0,30.0,29.0,26.0,22.0
2023-10-27,116.0,83.0,30.0,27.0,27.0,23.0
2023-10-28,122.0,81.0,29.0,26.0,22.0,22.0
2023-10-29,150.0,94.0,30.0,20.0,25.0,16.0
2023-10-30,108.0,92.0,32.0,22.0,28.0,20.0
2023-10-31,108.0,81.0,29.0,22.0,33.0,20.0
2023-11-01,104.0,80.0,34.0,24.0,24.0,27.0
2023-11-02,109.0,80.0,29.0,31.0,27.0,26.0
2023-11-03,108.0,82.0,29.0,34.0,24.0,28.0
2023-11-04,124.0,89.0,30.0,32.0,19.0,27.0
2023-11-05,74.0,59.0,28.0,22.0,15.0,16.0
2023-11-06,92.0,67.0,30.0,43.0,16.5,19.0
2023-11-07,107.0,71.0,29.0,26.0,18.0,19.0
2023-11-08,92.0,66.0,29.0,21.0,18.0,18.0
2023-11-09,109.0,73.0,30.0,20.0,24.0,19.0
2023-11-10,109.0,78.0,30.0,27.0,27.0,24.0
2023-11-11,91.0,58.0,32.0,18.0,57.0,17.0
2023-11-12,93.0,65.0,30.0,21.0,23.0,15.0
2023-11-13,94.0,72.0,24.0,12.0,29.0,33.0
2023-11-14,109.0,75.0,30.0,22.0,19.0,16.0
2023-11-15,79.0,55.0,29.0,20.0,15.0,15.0
2023-11-16,95.0,63.0,30.0,25.0,21.0,26.0
2023-11-17,87.0,65.0,30.0,27.0,25.0,28.0
2023-11-18,120.0,53.0,41.0,14.0,34.0,31.0
2023-11-19,80.0,54.0,43.0,16.0,32.0,24.0
2023-11-20,71.0,46.0,30.0,13.0,81.0,12.0
2023-11-21,89.0,59.0,30.0,18.0,19.0,18.0
2023-11-22,74.0,58.0,30.0,19.0,24.0,19.0
2023-11-23,93.0,56.0,44.0,11.0,38.0,30.0
2023-11-24,112.0,71.0,36.0,23.0,54.0,26.0
2023-11-25,101.0,63.0,33.0,20.0,49.0,22.0
2023-11-26,75.0,55.0,43.0,15.0,15.0,25.0
2023-11-27,77.0,54.0,56.0,13.0,27.0,16.0
2023-11-28,96.0,62.0,45.0,15.0,29.0,34.0
2023-11-29,105.0,71.0,30.0,19.0,22.0,14.0
2023-11-30,67.0,38.0,43.0,12.0,34.0,34.0
2023-12-01,93.0,64.0,52.0,7.0,27.0,19.0
2023-12-02,94.0,60.0,52.0,9.0,20.0,18.0
2023-12-03,100.0,55.0,52.0,7.0,26.0,17.0
2023-12-04,95.0,65.0,52.0,9.0,18.0,14.0
2023-12-05,117.0,74.0,52.0,9.0,21.0,13.0
2023-12-06,107.0,70.0,52.0,10.0,17.0,15.5
2023-12-07,88.0,53.0,52.0,11.0,13.0,18.0
2023-12-08,85.0,50.0,52.0,6.0,25.0,18.0
2023-12-09,94.0,59.0,48.0,10.0,25.0,12.0
2023-12-10,72.0,42.0,52.0,8.0,10.0,11.0
2023-12-11,72.0,44.0,52.0,6.0,10.0,16.0
2023-12-12,62.0,37.0,51.0,3.0,16.0,10.0
2023-12-13,71.0,45.0,48.0,9.0,13.0,7.0
2023-12-14,71.0,46.0,48.0,8.0,11.0,7.0
2023-12-15,60.0,27.0,52.0,1.0,13.0,8.0
2023-12-16,83.0,56.0,52.0,5.0,14.0,13.0
2023-12-17,98.0,65.0,52.0,14.0,13.0,15.0
2023-12-18,96.0,61.0,52.0,7.0,17.0,19.0
2023-12-19,99.0,64.0,52.0,10.0,20.0,15.0
2023-12-20,154.0,85.0,52.0,10.0,11.0,13.0
2023-12-21,86.0,57.0,53.0,7.0,27.0,11.0
2023-12-22,65.0,49.0,52.0,5.0,10.0,12.0
2023-12-23,40.0,26.0,57.0,38.0,21.0,18.0
2023-12-24,92.0,58.0,51.0,10.0,17.0,11.0
2023-12-25,51.0,36.0,57.0,45.0,20.0,18.0
2023-12-26,62.0,43.0,58.0,54.0,21.0,27.0
2023-12-27,42.0,29.0,58.0,42.0,15.0,18.0
2023-12-28,66.0,46.0,49.0,8.0,8.0,5.0
2023-12-29,23.0,23.0,57.0,12.0,16.0,15.0
2023-12-30,64.0,32.0,52.0,7.0,8.0,12.0
2023-12-31,73.0,49.0,31.0,13.5,16.0,11.0
2024-01-01,110.0,74.0,10.0,20.0,24.0,10.0
2024-01-02,93.0,53.0,52.0,4.0,12.0,28.0
2024-01-03,66.0,54.0,13.0,7.0,18.0,14.0
2024-01-04,64.0,30.0,112.0,20.0,8.0,77.0
2024-01-05,62.0,61.0,10.0,14.0,17.0,19.0
2024-01-06,70.0,51.0,11.0,10.0,31.0,16.0
2024-01-07,87.0,59.0,59.0,14.0,34.0,29.0
2024-01-08,76.0,55.0,10.0,22.0,21.0,20.0
2024-01-09,84.0,61.0,12.0,14.0,17.0,14.0
2024-01-10,102.0,70.0,12.0,11.0,26.0,13.0
2024-01-11,81.0,63.0,11.0,16.0,17.0,19.0
2024-01-12,39.0,27.0,57.0,11.0,14.0,52.0
2024-01-13,66.0,50.0,44.0,7.0,11.0,55.0
2024-01-14,64.0,50.0,11.0,9.0,16.0,10.0
2024-01-15,81.0,51.0,24.0,11.0,55.0,11.0
2024-01-16,62.0,49.0,11.0,6.0,11.0,9.0
2024-01-17,65.0,50.0,46.0,8.0,5.0,16.0
2024-01-18,76.0,56.0,49.0,13.0,6.0,23.0
2024-01-19,34.0,32.0,45.0,6.0,9.0,76.0
2024-01-20,45.0,32.0,44.0,7.0,8.0,66.0
2024-01-21,65.0,51.0,45.0,9.0,8.0,79.0
2024-01-22,34.0,27.0,45.0,5.0,8.0,56.0
2024-01-23,58.0,36.0,24.0,5.0,9.0,6.0
2024-01-24,65.0,46.0,46.0,8.0,9.0,38.0
2024-01-25,62.0,46.0,25.0,7.0,12.0,8.0
2024-01-26,77.0,58.0,27.0,7.0,16.0,14.0
2024-01-27,23.0,24.0,53.0,5.0,16.0,17.0
2024-01-28,66.0,46.0,31.0,18.0,34.0,16.0
2024-01-29,63.0,51.0,24.0,14.0,11.0,13.0
2024-01-30,82.0,71.0,24.0,23.0,13.0,12.0
2024-01-31,57.0,40.0,25.0,7.0,17.0,15.0
2024-02-01,90.0,68.0,25.0,15.0,18.0,14.0
2024-02-02,68.0,47.0,26.0,18.0,28.0,9.0
2024-02-03,56.0,37.0,25.0,7.0,11.0,10.0
2024-02-04,43.0,27.0,54.0,7.0,12.0,21.0
2024-02-05,77.0,54.0,25.0,10.0,6.0,5.0
2024-02-06,74.0,61.0,50.0,16.0,9.0,37.0
2024-02-07,58.0,40.0,25.0,6.0,4.0,6.0
2024-02-08,90.0,64.0,25.0,10.0,4.0,4.0
2024-02-09,86.0,67.0,26.0,9.666666666666666,7.0,5.0
2024-02-10,74.0,57.0,25.0,9.333333333333334,8.0,5.0
2024-02-11,85.0,63.0,25.0,9.0,6.0,6.0
2024-02-12,80.0,61.0,25.0,4.0,5.0,6.0
2024-02-13,72.0,57.0,52.0,14.0,18.0,187.0
2024-02-14,55.0,43.0,51.0,10.0,20.0,202.0
2024-02-15,76.0,53.0,25.0,24.0,7.0,8.0
2024-02-16,103.0,81.0,25.0,24.0,6.0,11.0
2024-02-17,74.0,59.0,25.0,22.0,6.0,8.0
2024-02-18,71.0,57.0,25.0,21.0,7.0,6.0
2024-02-19,91.0,68.0,26.0,23.0,6.0,9.0
2024-02-20,94.0,71.0,25.0,22.0,7.0,9.0
2024-02-21,94.0,55.0,20.0,12.0,115.0,18.0
2024-02-22,86.0,70.0,25.0,21.0,8.0,9.0
2024-02-23,62.0,49.0,56.0,9.0,16.0,39.0
2024-02-24,67.0,54.0,25.0,18.0,6.0,2.0
2024-02-25,39.0,28.0,56.0,4.0,16.0,15.0
2024-02-26,56.0,41.0,49.0,10.0,12.0,29.0
2024-02-27,96.0,70.0,26.0,28.0,5.0,7.0
2024-02-28,62.0,51.0,57.0,9.0,11.0,54.0
2024-02-29,59.0,57.0,25.0,22.0,6.0,6.0
2024-03-01,82.0,52.0,21.0,29.0,50.0,13.0
2024-03-02,72.0,59.0,26.0,21.0,8.0,7.0
2024-03-03,58.0,46.0,26.0,21.0,6.0,7.0
2024-03-04,56.0,43.0,50.0,14.0,13.0,61.0
2024-03-05,56.0,44.0,50.0,9.0,13.0,62.0
2024-03-06,61.0,48.0,50.0,8.0,9.0,58.0
2024-03-07,46.0,31.0,55.0,6.0,19.0,25.0
2024-03-08,44.0,24.0,54.0,4.0,20.0,12.0
2024-03-09,45.0,33.0,55.0,6.0,13.0,24.0
2024-03-10,96.0,72.0,26.0,39.0,5.0,8.0
2024-03-11,63.0,51.0,51.0,20.0,28.0,79.0
2024-03-12,56.0,30.0,21.0,15.0,51.0,10.0
2024-03-13,68.0,54.0,51.0,9.0,16.0,44.0
2024-03-14,65.0,38.5,51.0,11.0,12.0,43.0
2024-03-15,40.0,23.0,51.0,8.0,10.0,62.0
2024-03-16,32.0,26.0,54.0,6.0,18.0,18.0
2024-03-17,21.0,18.0,51.0,5.0,10.0,58.0
2024-03-18,33.0,26.0,55.0,5.0,16.0,17.0
2024-03-19,63.0,43.0,51.0,9.0,10.0,75.0
2024-03-20,62.0,41.0,51.0,7.0,10.0,49.0
2024-03-21,68.0,50.0,51.0,8.0,13.0,62.0
2024-03-22,43.0,31.0,21.0,17.0,55.0,14.0
2024-03-23,122.0,70.0,27.0,40.0,8.0,11.0
2024-03-24,83.0,54.0,25.0,19.0,74.0,16.0
2024-03-25,69.0,50.0,27.0,17.0,12.0,4.0
2024-03-26,93.0,57.0,27.0,23.0,9.0,7.0
2024-03-27,92.0,64.0,27.0,25.0,8.0,9.0
2024-03-28,128.0,90.0,27.0,27.0,12.0,10.0
2024-03-29,104.0,65.0,27.0,24.0,70.0,26.0
2024-03-30,87.0,60.0,24.0,25.0,68.0,21.0
2024-03-31,94.0,57.0,22.0,28.0,79.0,22.0
2024-04-01,113.0,83.0,27.0,27.0,13.0,8.0
2024-04-02,120.0,72.0,23.0,35.0,69.0,32.0
2024-04-03,97.0,70.0,27.0,20.0,15.0,8.0
2024-04-04,77.0,51.0,24.0,28.0,62.0,24.0
2024-04-05,125.0,74.0,22.0,31.0,69.0,27.0
2024-04-06,92.0,62.0,52.0,19.0,16.0,65.0
2024-04-07,83.0,60.0,28.0,19.0,19.0,7.0
2024-04-08,82.0,55.0,56.0,14.0,29.0,21.0
2024-04-09,84.0,54.0,52.0,11.0,22.0,43.0
2024-04-10,96.0,73.0,28.0,33.0,14.0,10.0
2024-04-11,62.0,45.0,28.0,17.0,15.0,8.0
2024-04-12,51.0,25.0,22.0,14.0,74.0,8.0
2024-04-13,61.0,35.0,24.0,23.0,62.0,16.0
2024-04-14,55.0,28.0,22.0,15.0,79.0,8.0
2024-04-15,54.0,30.0,23.0,20.0,62.0,14.0
2024-04-16,64.0,43.0,28.0,16.0,11.0,6.0
2024-04-17,71.0,41.0,23.0,18.0,77.0,14.0
2024-04-18,70.0,52.0,55.0,13.0,23.0,27.0
2024-04-19,64.0,51.0,55.0,8.0,20.0,21.0
2024-04-20,95.0,69.0,29.0,22.0,9.0,7.0
2024-04-21,76.0,58.0,28.0,18.0,10.0,6.0
2024-04-22,85.0,56.0,24.0,26.0,56.0,22.0
2024-04-23,84.0,63.0,29.0,23.0,11.0,6.0
2024-04-24,78.0,52.0,25.0,21.0,70.0,20.0
2024-04-25,75.0,49.0,23.0,22.0,83.0,22.0
2024-04-26,71.0,56.0,29.0,12.0,13.0,6.0
2024-04-27,80.0,62.0,29.0,18.0,10.0,3.0
2024-04-28,80.0,60.0,29.0,24.0,14.0,3.0
2024-04-29,81.0,60.0,29.0,13.0,18.0,5.0
2024-04-30,91.0,70.0,29.0,16.0,18.0,6.0
2024-05-01,66.0,51.0,55.0,6.0,24.0,13.0
2024-05-02,81.0,53.0,23.0,17.0,62.0,13.0
2024-05-03,95.0,58.0,24.0,18.0,75.0,17.0
2024-05-04,97.0,62.0,26.0,22.0,57.0,27.0
2024-05-05,107.0,79.0,30.0,32.0,15.0,13.0
2024-05-06,97.0,71.0,30.0,19.0,17.0,10.0
2024-05-07,111.0,68.0,28.0,21.0,54.0,26.0
2024-05-08,107.0,65.0,28.0,20.0,58.0,23.0
2024-05-09,111.0,85.0,30.0,18.0,13.0,13.0
2024-05-10,103.0,68.0,55.0,8.0,23.0,13.0
2024-05-11,92.0,64.0,54.0,7.0,24.0,16.0
2024-05-12,89.0,65.0,54.0,8.0,21.0,16.0
2024-05-13,82.0,62.0,30.0,15.0,14.0,6.0
2024-05-14,101.0,60.0,25.0,23.0,61.0,22.0
2024-05-15,98.0,75.0,30.0,12.0,12.0,8.0
2024-05-16,115.0,77.0,56.0,8.0,20.0,12.0
2024-05-17,102.0,72.0,56.0,12.0,20.0,20.0
2024-05-18,110.0,75.0,56.0,17.0,21.0,29.0
2024-05-19,95.0,67.0,56.0,14.0,22.0,19.0
2024-05-20,110.0,83.0,31.0,18.0,20.0,10.0
2024-05-21,107.0,83.0,31.0,17.0,20.0,15.0
2024-05-22,108.0,68.0,28.0,21.0,66.0,21.0
2024-05-23,95.0,78.0,31.0,15.0,16.0,8.0
2024-05-24,95.0,82.0,30.0,18.0,10.0,6.0
2024-05-25,53.0,29.0,25.0,18.0,57.0,17.0
2024-05-26,94.0,62.0,31.0,26.0,57.0,22.0
2024-05-27,104.0,81.0,31.0,13.0,22.0,9.0
2024-05-28,110.0,66.0,27.0,26.0,64.0,26.0
2024-05-29,94.0,77.0,31.0,11.0,18.0,7.0
2024-05-30,100.0,77.0,31.0,11.0,19.0,10.0
2024-05-31,111.0,62.0,28.0,21.0,69.0,22.0
2024-06-01,124.0,70.0,28.0,25.0,67.0,26.0
2024-06-02,112.0,66.0,27.0,24.0,70.0,21.0
2024-06-03,66.0,43.0,24.0,18.0,76.0,16.0
2024-06-04,106.0,87.0,31.0,13.0,12.0,8.0
2024-06-05,128.0,74.0,25.0,31.0,71.0,31.0
2024-06-06,87.0,62.0,56.0,12.0,21.0,18.0
2024-06-07,103.0,60.0,27.0,21.0,68.0,22.0
2024-06-08,109.0,63.0,30.0,24.0,58.0,22.0
2024-06-09,99.0,60.0,28.0,20.0,72.0,19.0
2024-06-10,104.0,60.0,28.0,27.0,61.0,25.0
2024-06-11,99.0,58.0,60.0,11.0,19.0,21.0
2024-06-12,92.0,56.0,26.0,27.0,66.0,27.0
2024-06-13,72.0,61.0,31.0,12.0,4.0,6.0
2024-06-14,80.0,53.0,57.0,15.0,10.0,91.0
2024-06-15,77.0,55.0,56.0,10.0,23.0,25.0
2024-06-16,74.0,44.0,28.0,23.0,63.0,23.0
2024-06-17,81.0,53.0,57.0,10.0,15.0,34.0
2024-06-18,141.0,92.0,56.0,26.0,11.0,78.0
2024-06-19,112.0,67.0,30.0,29.0,48.0,22.0
2024-06-20,94.0,67.0,57.0,11.0,22.0,17.0
2024-06-21,110.0,64.0,34.0,23.0,38.0,24.0
2024-06-22,105.0,63.0,32.0,22.0,51.0,19.0
2024-06-23,104.0,83.0,59.0,13.0,20.0,23.0
2024-06-24,103.0,60.0,33.0,22.0,39.0,20.0
2024-06-25,98.0,62.0,57.0,12.0,13.0,43.0
2024-06-26,84.0,55.0,31.0,29.0,29.0,13.0
2024-06-27,96.0,74.0,57.0,10.0,16.0,23.0
2024-06-28,75.0,59.0,57.0,10.0,14.0,21.0
2024-06-29,87.0,55.0,30.0,30.0,46.0,14.0
2024-06-30,68.0,55.0,58.0,17.0,14.0,42.0
2024-07-01,98.0,73.0,40.0,30.0,18.0,14.0
2024-07-02,74.0,55.0,9.0,26.0,25.0,38.0
2024-07-03,121.0,48.25,31.0,33.0,43.0,25.0
2024-07-04,84.0,41.5,30.0,29.0,33.0,25.0
2024-07-05,78.0,34.75,38.0,24.0,23.0,27.0
2024-07-06,50.0,28.0,57.0,8.0,6.0,61.0
2024-07-07,32.0,22.0,57.0,11.0,8.0,85.0
2024-07-08,60.0,36.0,58.0,11.0,11.0,66.0
2024-07-09,66.0,43.0,8.0,31.0,28.0,49.0
2024-07-10,79.0,62.0,57.0,10.0,22.0,25.0
2024-07-11,117.0,66.0,33.0,27.0,25.0,23.0
2024-07-12,98.0,70.0,57.0,12.0,29.0,31.0
2024-07-13,112.0,65.0,34.0,29.0,25.0,32.0
2024-07-14,104.0,59.0,33.0,25.0,27.0,23.0
2024-07-15,96.0,66.0,57.0,15.0,33.0,32.0
2024-07-16,99.0,53.0,34.0,24.0,37.0,24.0
2024-07-17,99.0,57.0,35.0,25.0,27.0,25.0
2024-07-18,95.0,71.0,58.0,11.0,30.0,17.0
2024-07-19,93.0,47.0,34.0,20.0,53.0,15.0
2024-07-20,91.0,51.0,35.0,19.0,54.0,17.0
2024-07-21,89.0,63.0,57.0,11.0,30.0,16.0
2024-07-22,82.0,39.0,32.0,18.0,61.0,13.0
2024-07-23,92.0,63.0,16.0,25.0,33.0,41.0
2024-07-24,115.0,80.0,59.0,12.0,30.0,37.0
2024-07-25,92.0,70.0,57.0,11.0,36.0,28.0
2024-07-26,93.0,64.0,58.0,11.0,28.0,25.0
2024-07-27,100.0,70.0,58.0,10.0,28.0,22.0
2024-07-28,104.0,72.0,58.0,10.0,33.0,17.0
2024-07-29,97.0,83.0,52.0,20.0,31.0,17.0
2024-07-30,106.0,75.0,58.0,11.0,27.0,27.0
2024-07-31,113.0,96.0,52.0,28.0,28.0,20.0
2024-08-01,107.0,57.0,32.0,20.0,55.0,15.0
2024-08-02,90.0,54.0,32.0,21.0,53.0,16.0
2024-08-03,70.0,56.0,58.0,9.0,21.0,31.0
2024-08-04,83.0,54.0,58.0,13.0,23.0,37.0
2024-08-05,84.0,51.0,33.0,19.0,47.0,15.0
2024-08-06,83.0,61.0,58.0,10.0,25.0,23.0
2024-08-07,101.0,53.0,33.0,20.0,44.0,18.0
2024-08-08,118.0,64.0,35.0,24.0,32.0,24.0
2024-08-09,97.0,52.0,35.0,20.0,39.0,15.0
2024-08-10,89.0,43.0,35.0,18.0,43.0,15.0
2024-08-11,85.0,43.0,32.0,17.0,51.0,10.0
2024-08-12,86.0,36.0,33.0,18.0,42.0,11.0
2024-08-13,110.0,59.0,36.0,23.0,32.0,23.0
2024-08-14,109.0,58.0,36.0,22.0,40.0,21.0
2024-08-15,100.0,48.0,35.0,21.0,50.0,18.0
2024-08-16,103.0,55.0,35.0,22.0,45.0,19.0
2024-08-17,107.0,51.0,37.0,22.0,51.0,21.0
2024-08-18,107.0,55.0,34.0,21.0,50.0,16.0
2024-08-19,94.0,46.0,33.0,19.0,57.0,15.0
2024-08-20,115.0,62.0,33.0,22.0,52.0,18.0
2024-08-21,118.0,64.0,35.0,21.0,54.0,18.0
2024-08-22,102.0,86.0,54.0,19.0,47.0,17.0
2024-08-23,103.0,87.0,52.0,20.0,31.0,13.0
2024-08-24,101.0,66.0,58.0,10.0,28.0,27.0
2024-08-25,93.0,65.0,58.0,9.0,30.0,17.0
2024-08-26,102.0,54.0,35.0,21.0,40.0,17.0
2024-08-27,116.0,65.0,36.0,22.0,58.0,18.0
2024-08-28,94.0,71.0,58.0,9.0,32.0,29.0
2024-08-29,123.0,187.0,54.0,23.0,48.0,33.0
2024-08-30,127.0,65.0,36.0,23.0,47.0,21.0
2024-08-31,135.0,133.0,53.0,19.0,38.0,21.0
2024-09-01,93.0,49.0,34.0,20.0,46.0,12.0
2024-09-02,85.0,37.0,34.0,17.0,67.0,12.0
2024-09-03,100.0,55.0,58.0,12.0,31.0,36.0
2024-09-04,89.0,56.0,58.0,9.0,34.0,17.0
2024-09-05,69.0,118.0,53.0,16.0,31.0,13.0
2024-09-06,86.0,56.0,14.0,26.0,20.0,40.0
2024-09-07,97.0,162.0,53.0,17.0,39.0,15.0
2024-09-08,84.0,54.0,13.0,22.0,21.0,26.0
2024-09-09,72.0,55.0,59.0,8.0,24.0,14.0
2024-09-10,79.0,61.0,60.0,15.0,15.0,44.0
2024-09-11,68.0,26.0,34.0,19.0,28.0,18.0
2024-09-12,103.0,23.0,39.0,20.0,54.0,15.0
2024-09-13,81.0,38.0,34.0,21.0,49.0,18.0
2024-09-14,88.0,34.0,34.0,19.0,49.0,16.0
2024-09-15,87.0,28.0,35.0,20.0,45.0,13.0
2024-09-16,93.0,26.0,36.0,20.0,44.0,14.0
2024-09-17,87.0,65.0,59.0,11.0,35.0,22.0
2024-09-18,84.0,59.0,59.0,11.0,32.0,25.0
2024-09-19,89.0,72.0,59.0,11.0,33.0,35.0
2024-09-20,88.0,59.0,15.0,24.0,34.0,45.0
2024-09-21,98.0,37.0,38.0,19.0,57.0,14.0
2024-09-22,109.0,30.0,39.0,20.0,62.0,14.0
2024-09-23,92.0,21.0,37.0,19.0,55.0,14.0
2024-09-24,85.0,37.0,37.0,21.0,42.0,18.0
2024-09-25,109.0,47.0,35.0,28.0,44.0,24.0
2024-09-26,79.0,35.0,35.0,26.0,42.0,21.0
2024-09-27,80.0,27.0,35.0,23.0,42.0,21.0
2024-09-28,99.0,30.0,36.0,22.0,47.0,20.0
2024-09-29,104.0,90.0,54.0,27.0,31.0,24.0
2024-09-30,79.0,18.0,38.0,20.0,35.0,14.0
2024-10-01,103.0,33.0,37.0,22.0,51.0,17.0
2024-10-02,90.0,25.0,37.0,20.0,54.0,16.0
2024-10-03,96.0,69.0,59.0,12.0,25.0,26.0
2024-10-04,94.0,30.0,38.0,22.0,46.0,16.0
2024-10-05,82.0,62.0,59.0,15.0,23.0,38.0
2024-10-06,76.0,19.0,36.0,21.0,49.0,15.0
2024-10-07,121.0,35.0,38.0,27.0,46.0,19.0
2024-10-08,84.0,63.0,60.0,12.0,25.0,23.0
2024-10-09,82.0,24.0,37.0,20.0,52.0,13.0
2024-10-10,92.0,32.0,38.0,20.0,52.0,14.0
2024-10-11,102.0,20.0,39.0,23.0,44.0,20.0
2024-10-12,92.0,21.0,39.0,20.0,48.0,16.0
2024-10-13,111.0,44.5,41.0,21.0,51.0,14.0
2024-10-14,113.0,68.0,38.0,22.0,48.0,17.0
2024-10-15,84.0,34.0,39.0,19.0,61.0,12.0
2024-10-16,111.0,32.0,40.0,22.0,59.0,18.0
2024-10-17,77.0,60.0,59.0,14.0,32.0,33.0
2024-10-18,80.0,61.0,59.0,12.0,40.0,23.0
2024-10-19,102.0,78.0,59.0,13.0,34.0,26.0
2024-10-20,84.0,55.0,40.0,18.0,33.0,11.0
2024-10-21,82.0,51.0,12.0,23.0,28.0,32.0
2024-10-22,106.0,85.0,60.0,14.0,34.0,32.0
2024-10-23,90.0,68.0,59.0,11.0,38.0,17.0
2024-10-24,79.0,43.0,40.0,17.0,55.0,11.0
2024-10-25,82.0,50.0,39.0,20.0,59.0,17.0
2024-10-26,78.0,50.0,39.0,21.0,44.0,16.0
2024-10-27,78.0,54.0,19.0,23.0,34.0,31.0
2024-10-28,90.0,64.0,60.0,13.0,30.0,22.0
2024-10-29,86.0,65.0,60.0,14.0,31.0,29.0
2024-10-30,99.0,56.0,40.0,20.0,58.0,14.0
2024-10-31,89.0,55.0,41.0,20.0,52.0,15.0
2024-11-01,105.0,66.0,40.0,22.0,49.0,19.0
2024-11-02,97.0,60.0,41.0,22.0,44.0,18.0
2024-11-03,65.0,46.0,63.0,16.0,18.0,81.0
2024-11-04,60.0,40.0,63.0,15.0,26.0,77.0
2024-11-05,85.0,46.2,39.0,21.0,51.0,19.0
2024-11-06,78.0,52.4,38.0,22.0,44.0,19.0
2024-11-07,108.0,58.6,41.0,23.0,58.0,15.0
2024-11-08,109.0,,39.0,22.0,53.0,16.0
2024-11-09,100.0,71.0,60.0,11.0,31.0,25.0
2024-11-10,77.0,60.0,60.0,20.0,21.0,49.0
2024-11-11,71.0,51.0,10.0,30.0,18.0,42.0
2024-11-12,51.0,30.0,63.0,13.0,19.0,82.0
2024-11-13,113.0,33.0,41.0,32.0,39.0,14.0
2024-11-14,124.0,36.0,45.0,24.0,57.0,13.0
2024-11-15,133.0,39.0,50.0,21.0,44.0,17.0
2024-11-16,141.0,,45.0,19.0,61.0,14.0
2024-11-17,157.0,,41.0,33.0,55.0,19.0
2024-11-18,87.0,,40.0,17.0,51.0,13.0
2024-11-19,86.0,,41.0,21.0,38.0,13.0
2024-11-20,73.0,,41.0,22.0,49.0,17.0
2024-11-21,70.0,57.0,42.5,12.0,19.0,29.0
2024-11-22,71.0,52.5,44.0,17.0,33.0,10.0
2024-11-23,64.0,48.0,65.0,14.0,16.0,78.0
2024-11-24,55.0,48.0,65.0,11.0,13.0,68.0
2024-11-25,50.0,30.0,65.0,11.0,14.0,73.0
2024-11-26,60.0,40.0,65.0,10.0,17.0,71.0
2024-11-27,63.0,50.0,65.0,13.0,13.0,77.0
2024-11-28,44.0,30.0,59.0,13.0,11.0,25.0
2024-11-29,10.0,21.0,67.0,6.0,13.0,26.0
2024-11-30,10.0,35.0,67.0,7.0,10.0,34.0
2024-12-01,65.0,32.0,67.0,7.0,9.0,40.0
2024-12-02,52.0,19.0,67.0,6.0,9.0,33.0
2024-12-03,31.0,19.0,67.0,4.0,12.0,15.0
2024-12-04,45.0,30.0,67.0,7.0,10.0,22.0
2024-12-05,26.0,17.0,67.0,3.0,12.0,13.0
2024-12-06,47.0,26.0,68.0,4.0,11.0,17.0
2024-12-07,103.0,66.0,69.0,27.0,12.0,98.0
2024-12-08,67.0,38.0,68.0,15.0,18.0,57.0
2024-12-09,69.0,42.0,69.0,11.0,11.0,29.0
2024-12-10,56.0,38.0,68.0,12.0,7.0,61.0
2024-12-11,26.0,14.0,68.0,3.0,11.0,15.0
2024-12-12,40.0,19.0,68.0,3.0,13.0,10.0
2024-12-13,49.0,36.0,72.0,10.0,11.0,9.0
2024-12-14,40.0,22.0,68.0,4.0,11.0,15.0
2024-12-15,40.0,18.0,68.0,6.0,10.0,21.0
2024-12-16,48.0,27.0,68.0,5.0,10.0,21.0
2024-12-17,37.0,27.0,68.0,6.0,10.0,30.0
2024-12-18,67.0,50.0,69.0,8.0,8.0,59.0
2024-12-19,35.0,18.0,68.0,5.0,8.0,27.0
2024-12-20,46.0,25.0,69.0,5.0,10.0,32.0
2024-12-21,53.0,23.0,26.0,5.0,11.0,30.0
2024-12-22,80.0,53.0,16.0,11.0,13.0,31.0
2024-12-23,78.0,52.0,12.0,15.0,11.0,45.0
2024-12-24,63.0,49.0,23.0,20.0,14.0,17.0
2024-12-25,79.0,52.0,12.0,11.0,11.0,52.0
2024-12-26,62.0,39.0,12.0,11.0,9.0,35.0
2024-12-27,83.0,53.0,12.0,10.0,11.0,36.0
2024-12-28,101.0,64.0,14.0,9.0,11.0,35.0
2024-12-29,61.0,49.0,26.0,13.0,14.0,12.0
2024-12-30,50.0,34.0,21.0,11.0,14.0,11.0
2024-12-31,35.0,29.0,22.0,11.0,12.0,13.0
2025-01-01,73.0,49.0,19.75,8.0,10.0,27.0
2025-01-02,60.0,28.0,17.5,6.0,11.0,22.0
2025-01-03,69.0,38.0,15.25,8.0,13.0,35.0
2025-01-04,62.0,34.0,13.0,5.0,10.0,23.0
2025-01-05,68.0,41.0,13.0,7.0,9.0,35.0
2025-01-06,79.0,51.0,16.0,13.0,13.0,46.0
2025-01-07,71.0,51.0,13.0,8.0,10.0,38.0
2025-01-08,54.0,31.0,13.0,5.0,12.0,19.0
2025-01-09,51.0,20.0,14.0,8.0,13.0,26.0
2025-01-10,77.0,53.0,19.0,15.0,16.0,43.0
2025-01-11,63.0,29.0,11.0,8.0,23.0,9.0
2025-01-12,64.0,37.0,9.0,8.0,13.0,11.0
2025-01-13,59.0,36.0,8.0,8.0,10.0,18.0
2025-01-14,54.0,32.0,51.0,15.0,6.0,13.0
2025-01-15,51.0,34.0,62.0,15.0,8.0,23.0
2025-01-16,57.0,40.0,62.0,15.0,6.0,25.0
2025-01-17,59.0,33.0,14.0,7.0,11.0,16.0
2025-01-18,25.0,7.0,11.0,3.0,55.0,18.0
2025-01-19,50.0,29.0,34.0,12.0,10.0,20.0
2025-01-20,43.0,10.0,18.0,3.0,52.0,5.0
2025-01-21,58.0,40.0,13.0,14.0,11.0,56.0
2025-01-22,53.0,15.0,16.0,10.0,26.0,14.0
2025-01-23,90.0,57.0,23.0,20.0,13.0,81.0
2025-01-24,75.0,51.0,22.0,14.0,11.0,59.0
2025-01-25,64.0,16.0,22.0,10.0,24.0,9.0
2025-01-26,63.0,42.0,23.0,14.0,8.0,63.0
2025-01-27,54.0,26.0,20.0,6.0,9.0,18.0
2025-01-28,46.0,23.0,23.0,5.0,9.0,22.5
2025-01-29,40.0,25.0,24.0,10.0,9.0,27.0
2025-01-30,52.0,50.0,12.0,9.0,22.0,10.0
2025-01-31,55.0,32.0,23.0,10.0,18.0,16.0
2025-02-01,57.0,33.0,25.0,9.0,19.0,14.0
2025-02-02,68.0,41.0,24.0,13.0,17.0,21.0
2025-02-03,64.0,41.0,27.0,13.0,17.0,21.0
2025-02-04,84.0,54.0,35.0,15.0,16.0,45.0
2025-02-05,47.0,40.0,27.0,13.0,10.0,26.0
2025-02-06,53.0,41.0,37.0,14.0,11.0,31.0
2025-02-07,58.0,31.0,37.0,12.0,18.0,40.0
2025-02-08,56.0,35.0,41.0,10.0,16.0,18.0
2025-02-09,60.0,45.0,44.0,12.0,15.0,25.0
2025-02-10,69.0,49.0,44.0,13.0,16.0,27.0
2025-02-11,66.0,46.0,44.0,12.0,19.0,21.0
2025-02-12,85.0,57.0,48.0,14.0,19.0,28.0
2025-02-13,79.0,65.0,31.0,4.0,20.0,13.0
2025-02-14,71.0,47.0,51.0,9.0,12.0,42.0
2025-02-15,60.0,35.0,49.0,7.0,10.0,25.0
2025-02-16,92.0,61.0,50.5,10.0,8.5,38.5
2025-02-17,75.0,53.0,52.0,13.0,7.0,52.0
2025-02-18,69.0,49.0,31.0,29.0,7.0,50.0
2025-02-19,92.0,24.0,24.0,18.0,23.0,6.0
2025-02-20,56.0,32.0,50.0,9.0,11.0,28.0
2025-02-21,72.0,51.0,40.0,20.0,9.0,30.0
2025-02-22,70.0,40.0,54.0,8.0,9.0,20.0
2025-02-23,78.0,35.0,42.0,13.0,16.0,5.0
2025-02-24,70.0,45.0,52.0,18.0,19.0,40.0
2025-02-25,75.0,18.0,28.0,13.0,25.0,4.0
2025-02-26,65.0,46.0,57.0,11.0,11.0,51.0
2025-02-27,111.0,29.0,24.0,21.0,34.0,8.0
2025-02-28,71.0,20.0,24.0,9.0,31.0,6.0
