tanggal,y_aktual,y_pred_svr,y_pred_naive,selisih_svr
2024-08-03,70.0,93.17,90.0,-23.17
2024-08-04,83.0,83.0,70.0,0.0
2024-08-05,84.0,89.01,83.0,-5.01
2024-08-06,83.0,89.55,84.0,-6.55
2024-08-07,101.0,88.8,83.0,12.2
2024-08-08,118.0,96.88,101.0,21.12
2024-08-09,97.0,105.45,118.0,-8.45
2024-08-10,89.0,95.93,97.0,-6.93
2024-08-11,85.0,91.81,89.0,-6.81
2024-08-12,86.0,89.32,85.0,-3.32
2024-08-13,110.0,89.45,86.0,20.55
2024-08-14,109.0,100.84,110.0,8.16
2024-08-15,100.0,100.26,109.0,-0.26
2024-08-16,103.0,95.86,100.0,7.14
2024-08-17,107.0,97.66,103.0,9.34
2024-08-18,107.0,100.64,107.0,6.36
2024-08-19,94.0,101.37,107.0,-7.37
2024-08-20,115.0,95.62,94.0,19.38
2024-08-21,118.0,106.25,115.0,11.75
2024-08-22,102.0,108.08,118.0,-6.08
2024-08-23,103.0,100.35,102.0,2.65
2024-08-24,101.0,101.0,103.0,0.0
2024-08-25,93.0,100.43,101.0,-7.43
2024-08-26,102.0,96.94,93.0,5.06
2024-08-27,116.0,101.61,102.0,14.39
2024-08-28,94.0,108.13,116.0,-14.13
2024-08-29,123.0,97.62,94.0,25.38
2024-08-30,127.0,111.42,123.0,15.58
2024-08-31,135.0,113.8,127.0,21.2
2024-09-01,93.0,117.88,135.0,-24.88
2024-09-02,85.0,98.97,93.0,-13.97
2024-09-03,100.0,94.95,85.0,5.05
2024-09-04,89.0,101.51,100.0,-12.51
2024-09-05,69.0,95.51,89.0,-26.51
2024-09-06,86.0,85.0,69.0,1.0
2024-09-07,97.0,92.57,86.0,4.43
2024-09-08,84.0,97.63,97.0,-13.63
2024-09-09,72.0,91.22,84.0,-19.22
2024-09-10,79.0,84.57,72.0,-5.57
2024-09-11,68.0,86.76,79.0,-18.76
2024-09-12,103.0,80.71,68.0,22.29
2024-09-13,81.0,96.71,103.0,-15.71
2024-09-14,88.0,84.86,81.0,3.14
2024-09-15,87.0,86.74,88.0,0.26
2024-09-16,93.0,86.08,87.0,6.92
2024-09-17,87.0,89.18,93.0,-2.18
2024-09-18,84.0,85.92,87.0,-1.92
2024-09-19,89.0,84.34,84.0,4.66
2024-09-20,88.0,87.34,89.0,0.66
2024-09-21,98.0,86.93,88.0,11.07
2024-09-22,109.0,91.7,98.0,17.3
2024-09-23,92.0,97.62,109.0,-5.62
2024-09-24,85.0,90.26,92.0,-5.26
2024-09-25,109.0,87.11,85.0,21.89
2024-09-26,79.0,99.68,109.0,-20.68
2024-09-27,80.0,84.77,79.0,-4.77
2024-09-28,99.0,85.22,80.0,13.78
2024-09-29,104.0,94.59,99.0,9.41
2024-09-30,79.0,97.45,104.0,-18.45
2024-10-01,103.0,85.18,79.0,17.82
2024-10-02,90.0,97.05,103.0,-7.05
2024-10-03,96.0,91.11,90.0,4.89
2024-10-04,94.0,94.16,96.0,-0.16
2024-10-05,82.0,93.41,94.0,-11.41
2024-10-06,76.0,87.2,82.0,-11.2
2024-10-07,121.0,83.31,76.0,37.69
2024-10-08,84.0,105.22,121.0,-21.22
2024-10-09,82.0,88.0,84.0,-6.0
2024-10-10,92.0,86.21,82.0,5.79
2024-10-11,102.0,91.38,92.0,10.62
2024-10-12,92.0,96.77,102.0,-4.77
2024-10-13,111.0,91.84,92.0,19.16
2024-10-14,113.0,100.93,111.0,12.07
2024-10-15,84.0,102.87,113.0,-18.87
2024-10-16,111.0,88.71,84.0,22.29
2024-10-17,77.0,102.02,111.0,-25.02
2024-10-18,80.0,85.43,77.0,-5.43
2024-10-19,102.0,86.43,80.0,15.57
2024-10-20,84.0,97.47,102.0,-13.47
2024-10-21,82.0,89.21,84.0,-7.21
2024-10-22,106.0,87.05,82.0,18.95
2024-10-23,90.0,99.05,106.0,-9.05
2024-10-24,79.0,91.79,90.0,-12.79
2024-10-25,82.0,86.14,79.0,-4.14
2024-10-26,78.0,86.95,82.0,-8.95
2024-10-27,78.0,84.61,78.0,-6.61
2024-10-28,90.0,83.58,78.0,6.42
2024-10-29,86.0,88.59,90.0,-2.59
2024-10-30,99.0,86.75,86.0,12.25
2024-10-31,89.0,92.55,99.0,-3.55
2024-11-01,105.0,88.18,89.0,16.82
2024-11-02,97.0,96.5,105.0,0.5
2024-11-03,65.0,92.6,97.0,-27.6
2024-11-04,60.0,76.77,65.0,-16.77
2024-11-05,85.0,73.73,60.0,11.27
2024-11-06,78.0,84.97,85.0,-6.97
2024-11-07,108.0,81.25,78.0,26.75
2024-11-08,109.0,96.35,108.0,12.65
2024-11-09,100.0,97.65,109.0,2.35
2024-11-10,77.0,94.13,100.0,-17.13
2024-11-11,71.0,83.17,77.0,-12.17
2024-11-12,51.0,79.71,71.0,-28.71
2024-11-13,113.0,69.23,51.0,43.77
2024-11-14,124.0,98.9,113.0,25.1
2024-11-15,133.0,104.92,124.0,28.08
2024-11-16,141.0,109.65,133.0,31.35
2024-11-17,157.0,114.26,141.0,42.74
2024-11-18,87.0,122.98,157.0,-35.98
2024-11-19,86.0,93.68,87.0,-7.68
2024-11-20,73.0,93.24,86.0,-20.24
2024-11-21,70.0,86.9,73.0,-16.9
2024-11-22,71.0,84.3,70.0,-13.3
2024-11-23,64.0,83.6,71.0,-19.6
2024-11-24,55.0,79.15,64.0,-24.15
2024-11-25,50.0,74.23,55.0,-24.23
2024-11-26,60.0,71.26,50.0,-11.26
2024-11-27,63.0,76.2,60.0,-13.2
2024-11-28,44.0,76.07,63.0,-32.07
2024-11-29,10.0,64.83,44.0,-54.83
2024-11-30,10.0,47.18,10.0,-37.18
2024-12-01,65.0,43.82,10.0,21.18
2024-12-02,52.0,64.41,65.0,-12.41
2024-12-03,31.0,57.64,52.0,-26.64
2024-12-04,45.0,47.48,31.0,-2.48
2024-12-05,26.0,52.56,45.0,-26.56
2024-12-06,47.0,43.94,26.0,3.06
2024-12-07,103.0,51.8,47.0,51.2
2024-12-08,67.0,77.8,103.0,-10.8
2024-12-09,69.0,61.72,67.0,7.28
2024-12-10,56.0,63.11,69.0,-7.11
2024-12-11,26.0,57.23,56.0,-31.23
2024-12-12,40.0,44.04,26.0,-4.04
2024-12-13,49.0,49.48,40.0,-0.48
2024-12-14,40.0,54.16,49.0,-14.16
2024-12-15,40.0,51.09,40.0,-11.09
2024-12-16,48.0,50.5,40.0,-2.5
2024-12-17,37.0,53.75,48.0,-16.75
2024-12-18,67.0,49.31,37.0,17.69
2024-12-19,35.0,62.81,67.0,-27.81
2024-12-20,46.0,49.23,35.0,-3.23
2024-12-21,53.0,53.78,46.0,-0.78
2024-12-22,80.0,55.56,53.0,24.44
2024-12-23,78.0,67.95,80.0,10.05
2024-12-24,63.0,67.28,78.0,-4.28
2024-12-25,79.0,60.68,63.0,18.32
2024-12-26,62.0,69.37,79.0,-7.37
2024-12-27,83.0,62.2,62.0,20.8
2024-12-28,101.0,72.81,83.0,28.19
2024-12-29,61.0,83.01,101.0,-22.01
2024-12-30,50.0,64.95,61.0,-14.95
2024-12-31,35.0,60.03,50.0,-25.03
2025-01-01,73.0,53.48,35.0,19.52
2025-01-02,60.0,70.67,73.0,-10.67
2025-01-03,69.0,65.37,60.0,3.63
2025-01-04,62.0,70.21,69.0,-8.21
2025-01-05,68.0,67.21,62.0,0.79
2025-01-06,79.0,69.65,68.0,9.35
2025-01-07,71.0,74.84,79.0,-3.84
2025-01-08,54.0,71.32,71.0,-17.32
2025-01-09,51.0,62.75,54.0,-11.75
2025-01-10,77.0,61.09,51.0,15.91
2025-01-11,63.0,72.9,77.0,-9.9
2025-01-12,64.0,65.3,63.0,-1.3
2025-01-13,59.0,65.84,64.0,-6.84
2025-01-14,54.0,63.81,59.0,-9.81
2025-01-15,51.0,62.08,54.0,-11.08
2025-01-16,57.0,60.12,51.0,-3.12
2025-01-17,59.0,62.73,57.0,-3.73
2025-01-18,25.0,63.36,59.0,-38.36
2025-01-19,50.0,47.84,25.0,2.16
2025-01-20,43.0,57.84,50.0,-14.84
2025-01-21,58.0,53.88,43.0,4.12
2025-01-22,53.0,60.09,58.0,-7.09
2025-01-23,90.0,57.85,53.0,32.15
2025-01-24,75.0,75.84,90.0,-0.84
2025-01-25,64.0,68.81,75.0,-4.81
2025-01-26,63.0,63.79,64.0,-0.79
2025-01-27,54.0,63.3,63.0,-9.3
2025-01-28,46.0,59.13,54.0,-13.13
2025-01-29,40.0,55.42,46.0,-15.42
2025-01-30,52.0,52.59,40.0,-0.59
2025-01-31,55.0,57.62,52.0,-2.62
2025-02-01,57.0,58.84,55.0,-1.84
2025-02-02,68.0,60.57,57.0,7.43
2025-02-03,64.0,66.05,68.0,-2.05
2025-02-04,84.0,64.81,64.0,19.19
2025-02-05,47.0,74.84,84.0,-27.84
2025-02-06,53.0,57.73,47.0,-4.73
2025-02-07,58.0,59.38,53.0,-1.38
2025-02-08,56.0,61.16,58.0,-5.16
2025-02-09,60.0,60.05,56.0,-0.05
2025-02-10,69.0,61.76,60.0,7.24
2025-02-11,66.0,66.26,69.0,-0.26
2025-02-12,85.0,65.44,66.0,19.56
2025-02-13,79.0,75.57,85.0,3.43
2025-02-14,71.0,73.54,79.0,-2.54
2025-02-15,60.0,70.26,71.0,-10.26
2025-02-16,92.0,65.26,60.0,26.74
2025-02-17,75.0,80.95,92.0,-5.95
2025-02-18,69.0,73.26,75.0,-4.26
2025-02-19,92.0,70.0,69.0,22.0
2025-02-20,56.0,82.2,92.0,-26.2
2025-02-21,72.0,65.38,56.0,6.62
2025-02-22,70.0,73.24,72.0,-3.24
2025-02-23,78.0,72.72,70.0,5.28
2025-02-24,70.0,77.05,78.0,-7.05
2025-02-25,75.0,73.29,70.0,1.71
2025-02-26,65.0,75.93,75.0,-10.93
2025-02-27,111.0,70.61,65.0,40.39
2025-02-28,71.0,93.28,111.0,-22.28
